Date,Number of purchases,Value of purchases,Number of cash-out transactions,Value of cash-out transactions,Number of domestic transactions ,Value of domestic transactions ,Number of overseas transactions ,Value of overseas transactions ,Total number of transactions,Total value of transactions,Number of transactions acquired in Australia: own cards,Value of transactions acquired in Australia: own cards,Number of transactions acquired in Australia: other domestic cards,Value of transactions acquired in Australia: other domestic cards,Number of transactions acquired in Australia: device present,Value of transactions acquired in Australia: device present,Number of transactions acquired in Australia: device not present,Value of transactions acquired in Australia: device not present,Total number of transactions acquired in Australia,Total value of transactions acquired in Australia
31/05/1994,,,,,,,,,15.7,845.3,,,,,,,,,,
30/06/1994,,,,,,,,,16.0,863.0,,,,,,,,,,
31/07/1994,,,,,,,,,16.3,880.1,,,,,,,,,,
31/08/1994,,,,,,,,,16.7,904.9,,,,,,,,,,
30/09/1994,,,,,,,,,17.5,928.7,,,,,,,,,,
31/10/1994,,,,,,,,,18.0,961.7,,,,,,,,,,
30/11/1994,,,,,,,,,18.0,963.7,,,,,,,,,,
31/12/1994,,,,,,,,,17.5,979.6,,,,,,,,,,
31/01/1995,,,,,,,,,18.8,1028.2,,,,,,,,,,
28/02/1995,,,,,,,,,19.4,1052.3,,,,,,,,,,
31/03/1995,,,,,,,,,19.8,1073.0,,,,,,,,,,
30/04/1995,,,,,,,,,20.5,1117.5,,,,,,,,,,
31/05/1995,,,,,,,,,21.1,1137.7,,,,,,,,,,
30/06/1995,,,,,,,,,22.0,1182.2,,,,,,,,,,
31/07/1995,,,,,,,,,22.9,1239.1,,,,,,,,,,
31/08/1995,,,,,,,,,23.8,1284.0,,,,,,,,,,
30/09/1995,,,,,,,,,24.2,1312.8,,,,,,,,,,
31/10/1995,,,,,,,,,24.6,1308.4,,,,,,,,,,
30/11/1995,,,,,,,,,25.7,1373.4,,,,,,,,,,
31/12/1995,,,,,,,,,24.9,1380.8,,,,,,,,,,
31/01/1996,,,,,,,,,27.1,1453.1,,,,,,,,,,
29/02/1996,,,,,,,,,27.3,1449.3,,,,,,,,,,
31/03/1996,,,,,,,,,27.8,1475.7,,,,,,,,,,
30/04/1996,,,,,,,,,28.1,1490.9,,,,,,,,,,
31/05/1996,,,,,,,,,28.6,1518.5,,,,,,,,,,
30/06/1996,,,,,,,,,28.7,1533.5,,,,,,,,,,
31/07/1996,,,,,,,,,29.6,1583.7,,,,,,,,,,
31/08/1996,,,,,,,,,30.1,1546.2,,,,,,,,,,
30/09/1996,,,,,,,,,30.0,1597.8,,,,,,,,,,
31/10/1996,,,,,,,,,30.9,1646.0,,,,,,,,,,
30/11/1996,,,,,,,,,31.5,1685.5,,,,,,,,,,
31/12/1996,,,,,,,,,32.5,1764.3,,,,,,,,,,
31/01/1997,,,,,,,,,33.7,1783.8,,,,,,,,,,
28/02/1997,,,,,,,,,34.4,1825.2,,,,,,,,,,
31/03/1997,,,,,,,,,34.5,1841.5,,,,,,,,,,
30/04/1997,,,,,,,,,35.6,1901.3,,,,,,,,,,
31/05/1997,,,,,,,,,36.0,1937.0,,,,,,,,,,
30/06/1997,,,,,,,,,37.0,1982.1,,,,,,,,,,
31/07/1997,,,,,,,,,36.8,1983.6,,,,,,,,,,
31/08/1997,,,,,,,,,36.9,2018.2,,,,,,,,,,
30/09/1997,,,,,,,,,38.0,2066.2,,,,,,,,,,
31/10/1997,,,,,,,,,37.9,2063.5,,,,,,,,,,
30/11/1997,,,,,,,,,38.2,2106.6,,,,,,,,,,
31/12/1997,,,,,,,,,38.8,2139.1,,,,,,,,,,
31/01/1998,,,,,,,,,39.3,2180.5,,,,,,,,,,
28/02/1998,,,,,,,,,39.8,2204.5,,,,,,,,,,
31/03/1998,,,,,,,,,40.8,2296.8,,,,,,,,,,
30/04/1998,,,,,,,,,40.8,2326.9,,,,,,,,,,
31/05/1998,,,,,,,,,41.1,2353.1,,,,,,,,,,
30/06/1998,,,,,,,,,41.4,2386.6,,,,,,,,,,
31/07/1998,,,,,,,,,42.6,2440.5,,,,,,,,,,
31/08/1998,,,,,,,,,42.8,2484.1,,,,,,,,,,
30/09/1998,,,,,,,,,43.0,2496.1,,,,,,,,,,
31/10/1998,,,,,,,,,43.9,2560.6,,,,,,,,,,
30/11/1998,,,,,,,,,43.9,2555.6,,,,,,,,,,
31/12/1998,,,,,,,,,42.6,2509.4,,,,,,,,,,
31/01/1999,,,,,,,,,43.9,2593.7,,,,,,,,,,
28/02/1999,,,,,,,,,43.8,2628.5,,,,,,,,,,
31/03/1999,,,,,,,,,44.1,2577.2,,,,,,,,,,
30/04/1999,,,,,,,,,42.9,2488.0,,,,,,,,,,
31/05/1999,,,,,,,,,45.2,2602.0,,,,,,,,,,
30/06/1999,,,,,,,,,45.4,2629.7,,,,,,,,,,
31/07/1999,,,,,,,,,46.2,2665.5,,,,,,,,,,
31/08/1999,,,,,,,,,45.3,2661.4,,,,,,,,,,
30/09/1999,,,,,,,,,44.7,2642.0,,,,,,,,,,
31/10/1999,,,,,,,,,45.7,2680.7,,,,,,,,,,
30/11/1999,,,,,,,,,46.1,2698.4,,,,,,,,,,
31/12/1999,,,,,,,,,46.2,2719.6,,,,,,,,,,
31/01/2000,,,,,,,,,45.1,2656.8,,,,,,,,,,
29/02/2000,,,,,,,,,46.6,2742.1,,,,,,,,,,
31/03/2000,,,,,,,,,47.3,2755.1,,,,,,,,,,
30/04/2000,,,,,,,,,48.7,2806.2,,,,,,,,,,
31/05/2000,,,,,,,,,48.0,2848.0,,,,,,,,,,
30/06/2000,,,,,,,,,50.0,3022.9,,,,,,,,,,
31/07/2000,,,,,,,,,50.3,2927.3,,,,,,,,,,
31/08/2000,,,,,,,,,51.2,2932.1,,,,,,,,,,
30/09/2000,,,,,,,,,52.2,2993.0,,,,,,,,,,
31/10/2000,,,,,,,,,51.8,2957.4,,,,,,,,,,
30/11/2000,,,,,,,,,52.1,3005.5,,,,,,,,,,
31/12/2000,,,,,,,,,53.0,3059.6,,,,,,,,,,
31/01/2001,,,,,,,,,52.4,3032.2,,,,,,,,,,
28/02/2001,,,,,,,,,52.9,3073.0,,,,,,,,,,
31/03/2001,,,,,,,,,53.2,3163.4,,,,,,,,,,
30/04/2001,,,,,,,,,52.9,3138.2,,,,,,,,,,
31/05/2001,,,,,,,,,53.4,3204.8,,,,,,,,,,
30/06/2001,,,,,,,,,53.3,3167.3,,,,,,,,,,
31/07/2001,,,,,,,,,53.2,3163.6,,,,,,,,,,
31/08/2001,,,,,,,,,53.8,3224.2,,,,,,,,,,
30/09/2001,,,,,,,,,54.6,3270.0,,,,,,,,,,
31/10/2001,,,,,,,,,54.3,3282.3,,,,,,,,,,
30/11/2001,,,,,,,,,55.0,3307.9,,,,,,,,,,
31/12/2001,,,,,,,,,54.7,3258.3,,,,,,,,,,
31/01/2002,,,,,,,,,74.0,4802.1,,,,,,,,,,
28/02/2002,,,,,,,,,74.5,4799.8,,,,,,,,,,
31/03/2002,,,,,,,,,75.6,4925.1,,,,,,,,,,
30/04/2002,,,,,,,,,75.2,4847.3,,,,,,,,,,
31/05/2002,,,,,,,,,76.6,4985.4,,,,,,,,,,
30/06/2002,,,,,,,,,76.6,5037.5,,,,,,,,,,
31/07/2002,,,,,,,,,75.1,4941.9,,,,,,,,,,
31/08/2002,76.2,4199.0,15.7,917.1,77.5,5088.2,0.3,33.2,77.8,5129.7,,,,,,,,,,
30/09/2002,75.8,4172.7,15.6,907.2,77.1,5047.8,0.3,31.6,77.7,5087.4,,,,,,,,,,
31/10/2002,77.5,4288.4,15.7,914.3,78.7,5168.3,0.3,34.6,78.7,5200.8,,,,,,,,,,
30/11/2002,78.7,4449.3,15.9,922.8,79.9,5314.3,0.4,41.9,80.3,5355.8,,,,,,,,,,
31/12/2002,78.8,4463.4,16.0,935.9,80.0,5353.9,0.4,41.6,80.2,5376.7,,,,,,,,,,
31/01/2003,79.6,4509.4,16.0,937.9,80.8,5407.1,0.4,38.8,80.9,5414.9,,,,,,,,,,
28/02/2003,79.9,4544.2,15.8,923.0,81.0,5433.1,0.4,42.1,81.3,5467.1,,,,,,,,,,
31/03/2003,80.3,4562.2,15.8,911.7,81.4,5448.3,0.4,41.3,81.7,5480.6,,,,,,,,,,
30/04/2003,79.9,4549.2,15.8,924.9,81.0,5435.0,0.4,36.7,81.9,5489.8,,,,,,,,,,
31/05/2003,80.8,4603.9,15.8,929.3,82.0,5511.7,0.3,29.8,82.2,5540.3,,,,,,,,,,
30/06/2003,80.4,4599.4,15.8,916.7,81.6,5488.1,0.3,27.0,81.9,5526.7,,,,,,,,,,
31/07/2003,81.3,4634.0,15.9,924.1,82.4,5523.9,0.3,31.4,82.9,5568.7,,,,,,,,,,
31/08/2003,82.3,4689.6,15.8,927.2,83.4,5585.1,0.3,31.7,83.8,5631.5,,,,,,,,,,
30/09/2003,82.8,4717.6,16.0,936.8,84.0,5617.7,0.3,32.0,84.5,5658.6,,,,,,,,,,
31/10/2003,84.1,4829.0,16.0,947.1,85.3,5743.9,0.3,33.4,85.3,5775.5,,,,,,,,,,
30/11/2003,85.9,4969.6,16.1,927.4,86.9,5851.2,0.3,34.4,87.2,5883.1,,,,,,,,,,
31/12/2003,85.9,4951.3,16.4,958.5,87.0,5869.9,0.3,33.3,87.2,5889.7,,,,,,,,,,
31/01/2004,86.9,5018.1,16.2,950.3,87.9,5942.3,0.3,35.7,88.0,5947.6,,,,,,,,,,
29/02/2004,87.6,5061.5,16.3,957.5,88.6,5988.6,0.3,38.1,88.8,6022.6,,,,,,,,,,
31/03/2004,87.0,5052.3,16.2,946.5,88.1,5955.5,0.4,39.0,88.3,5996.3,,,,,,,,,,
30/04/2004,88.0,5111.2,16.2,953.7,89.0,6033.7,0.4,40.1,89.8,6077.3,,,,,,,,,,
31/05/2004,88.8,5197.8,16.1,946.4,89.7,6107.5,0.4,41.7,90.2,6152.6,,,,,,,,,,
30/06/2004,91.6,5492.7,16.6,987.8,92.6,6424.8,0.4,42.0,93.0,6483.9,,,,,,,,,,
31/07/2004,90.8,5337.3,16.3,964.7,91.8,6266.6,0.4,42.7,92.3,6315.7,,,,,,,,,,
31/08/2004,89.7,5267.3,16.1,951.2,90.7,6167.7,0.4,43.9,91.1,6222.6,,,,,,,,,,
30/09/2004,91.7,5403.1,16.3,962.5,92.6,6326.4,0.4,43.3,93.2,6371.9,,,,,,,,,,
31/10/2004,93.2,5459.9,16.3,950.2,94.1,6374.4,0.4,40.9,94.3,6416.6,,,,,,,,,,
30/11/2004,92.2,5448.5,16.3,973.0,93.1,6359.3,0.4,44.0,93.5,6402.1,,,,,,,,,,
31/12/2004,93.6,5524.1,16.3,959.6,94.5,6440.3,0.4,44.8,94.7,6471.0,,,,,,,,,,
31/01/2005,94.4,5589.2,16.4,960.4,95.2,6510.1,0.4,46.5,95.5,6536.5,,,,,,,,,,
28/02/2005,95.1,5615.9,16.3,968.6,96.0,6547.6,0.4,45.5,96.4,6587.9,,,,,,,,,,
31/03/2005,97.3,5767.5,16.5,988.5,98.1,6707.6,0.4,46.9,98.4,6754.1,,,,,,,,,,
30/04/2005,99.2,5871.1,16.9,988.0,100.0,6820.8,0.4,47.9,100.9,6873.5,,,,,,,,,,
31/05/2005,99.6,5897.6,16.8,997.7,100.4,6838.3,0.4,47.0,100.9,6896.2,,,,,,,,,,
30/06/2005,101.0,6001.8,16.9,1018.2,101.8,6971.4,0.4,47.8,102.2,7020.7,,,,,,,,,,
31/07/2005,101.5,6017.4,16.9,1000.2,102.3,6967.3,0.4,48.8,102.8,7026.9,,,,,,,,,,
31/08/2005,102.1,6088.1,17.0,1006.8,103.0,7038.4,0.4,48.0,103.5,7095.8,,,,,,,,,,
30/09/2005,103.9,6221.3,16.9,1005.5,104.7,7178.0,0.4,51.1,105.2,7229.6,,,,,,,,,,
31/10/2005,105.1,6279.5,17.0,1012.5,105.9,7254.1,0.4,51.3,106.2,7298.5,,,,,,,,,,
30/11/2005,105.3,6316.3,17.0,1010.3,106.1,7258.6,0.4,51.0,106.5,7315.8,,,,,,,,,,
31/12/2005,107.1,6398.0,17.1,1006.6,107.9,7364.1,0.4,52.9,108.3,7401.5,,,,,,,,,,
31/01/2006,107.4,6436.1,17.2,1024.9,108.2,7401.4,0.5,53.2,108.5,7449.8,,,,,,,,,,
28/02/2006,108.7,6594.3,17.3,1024.7,109.4,7570.5,0.5,54.6,109.9,7620.6,,,,,,,,,,
31/03/2006,109.0,6513.9,17.2,1019.7,109.7,7470.6,0.5,55.2,110.1,7530.3,,,,,,,,,,
30/04/2006,110.7,6668.1,17.2,1024.8,111.3,7651.8,0.5,57.4,112.2,7704.6,,,,,,,,,,
31/05/2006,108.9,6614.1,17.0,1013.0,109.5,7554.0,0.5,59.2,110.1,7627.6,,,,,,,,,,
30/06/2006,111.6,6804.4,17.1,1015.9,112.2,7751.7,0.5,62.9,112.7,7815.0,,,,,,,,,,
31/07/2006,112.7,6856.5,17.1,1013.6,113.3,7812.4,0.6,63.7,113.9,7874.8,,,,,,,,,,
31/08/2006,113.0,6903.9,17.2,1023.7,113.6,7862.3,0.6,64.3,114.1,7925.1,,,,,,,,,,
30/09/2006,114.3,6966.7,17.2,1030.4,114.8,7932.4,0.6,66.9,115.5,8003.3,,,,,,,,,,
31/10/2006,115.0,6986.6,17.2,1034.0,115.5,7952.6,0.6,66.4,115.9,8020.8,,,,,,,,,,
30/11/2006,116.5,7102.9,17.2,1039.3,117.1,8081.3,0.6,67.6,117.7,8140.8,,,,,,,,,,
31/12/2006,117.9,7184.2,17.0,1033.5,118.5,8149.8,0.6,69.0,119.1,8220.3,,,,,,,,,,
31/01/2007,118.4,7226.2,17.3,1056.2,119.0,8204.0,0.6,70.4,119.6,8278.2,,,,,,,,,,
28/02/2007,119.9,7312.6,17.0,1018.3,120.4,8261.5,0.6,71.3,121.0,8329.9,,,,,,,,,,
31/03/2007,121.9,7420.3,17.4,1038.8,122.5,8384.1,0.7,75.2,123.0,8454.6,,,,,,,,,,
30/04/2007,120.5,7333.4,17.3,1038.0,121.0,8309.0,0.7,72.2,122.1,8375.6,,,,,,,,,,
31/05/2007,123.0,7522.8,17.6,1049.7,123.6,8485.9,0.7,77.1,124.3,8569.1,,,,,,,,,,
30/06/2007,125.3,7690.2,17.6,1056.6,125.9,8666.9,0.7,75.3,126.6,8746.3,,,,,,,,,,
31/07/2007,125.7,7688.7,17.7,1066.1,126.3,8672.1,0.7,74.0,127.0,8751.9,,,,,,,,,,
31/08/2007,128.1,7856.0,17.9,1071.6,128.7,8847.6,0.7,78.2,129.3,8924.1,,,,,,,,,,
30/09/2007,130.1,8005.2,18.0,1076.9,130.7,9011.3,0.7,80.1,131.3,9086.9,,,,,,,,,,
31/10/2007,131.2,8075.0,18.1,1085.3,131.7,9074.7,0.8,83.1,132.4,9162.8,,,,,,,,,,
30/11/2007,132.9,8180.3,18.2,1088.7,133.5,9193.6,0.8,84.4,134.2,9273.4,,,,,,,,,,
31/12/2007,134.6,8324.9,18.3,1112.3,135.2,9364.7,0.7,86.3,135.9,9445.5,,,,,,,,,,
31/01/2008,135.5,8397.8,18.3,1107.8,136.0,9418.2,0.8,87.4,136.7,9503.1,,,,,,,,,,
29/02/2008,136.6,8455.3,18.3,1111.1,137.1,9461.4,0.8,91.2,137.9,9558.8,,,,,,,,,,
31/03/2008,139.5,8543.1,18.0,1113.6,139.9,9563.3,0.9,90.4,140.7,9651.5,19.9,1251.7,112.7,7566.0,128.4,8468.3,3.7,435.5,132.3,8791.3
30/04/2008,140.9,8709.7,18.5,1117.2,141.3,9729.5,0.9,93.5,142.6,9828.4,19.8,1278.5,114.8,7750.5,130.3,8544.4,4.0,523.0,134.4,9063.5
31/05/2008,143.3,8838.8,18.4,1126.3,143.7,9871.2,0.9,96.2,144.6,9964.9,17.8,1115.2,113.9,7712.0,128.8,8469.2,4.0,478.2,131.7,8829.5
30/06/2008,143.5,8860.3,18.4,1123.8,144.0,9887.2,0.9,94.3,144.8,9980.4,21.0,1319.1,115.1,7841.8,132.1,8694.1,4.2,495.3,136.3,9148.7
31/07/2008,146.4,9076.4,18.5,1131.4,146.8,10099.9,1.0,102.2,147.7,10203.1,21.4,1346.8,118.2,8006.1,135.2,8903.2,4.4,508.3,139.5,9346.3
31/08/2008,147.5,9150.3,18.4,1131.9,147.8,10173.7,1.0,107.0,148.7,10282.2,21.8,1358.6,119.8,8109.6,137.0,8949.7,4.3,506.7,141.6,9460.7
30/09/2008,148.0,9177.4,18.5,1126.6,148.4,10197.9,1.0,107.1,149.4,10306.4,21.8,1374.6,119.9,8200.1,137.5,9025.8,4.6,536.7,141.9,9572.1
31/10/2008,148.5,9281.2,18.5,1125.2,148.8,10295.7,0.9,112.5,149.7,10406.0,22.2,1407.4,123.5,8386.1,141.0,9206.1,4.7,560.8,145.7,9786.0
30/11/2008,150.6,9359.8,18.3,1103.9,150.9,10370.5,0.9,109.2,151.8,10476.1,22.6,1423.7,125.0,8442.2,142.4,9176.9,4.8,570.4,147.8,9869.2
31/12/2008,155.2,9853.0,18.9,1164.3,155.6,10908.4,1.0,111.0,156.6,11031.1,23.0,1508.0,130.5,9045.9,147.9,9812.5,5.3,614.8,153.5,10549.1
31/01/2009,155.6,9619.2,18.8,1137.9,155.8,10656.4,1.0,116.3,156.8,10761.7,23.2,1468.3,130.2,8789.3,147.8,9599.8,5.2,607.5,153.2,10259.1
28/02/2009,157.1,9724.0,19.2,1151.9,157.3,10745.2,1.1,118.2,158.4,10862.8,23.2,1442.0,134.1,9117.6,152.0,9940.8,5.6,633.2,157.6,10596.1
31/03/2009,158.4,9995.0,20.1,1252.2,158.6,11104.9,1.1,121.7,159.7,11234.5,23.9,1518.5,137.6,9460.3,155.0,10422.7,5.8,659.1,160.8,10941.3
30/04/2009,162.1,10132.6,20.4,1262.9,162.2,11283.4,1.2,126.4,163.6,11396.5,24.3,1554.8,140.7,9701.3,159.0,10610.4,5.9,703.2,164.8,11296.6
31/05/2009,166.3,10451.3,20.3,1252.9,166.2,11563.5,1.2,129.4,167.5,11705.1,25.1,1595.7,144.6,9961.0,164.4,10978.5,6.1,699.4,169.5,11553.1
30/06/2009,163.1,10171.5,20.3,1244.8,163.3,11283.5,1.3,127.5,164.5,11414.9,24.9,1568.4,140.5,9660.4,159.4,10579.3,6.3,710.8,165.6,11220.1
31/07/2009,164.9,10101.4,20.1,1228.1,164.8,11184.1,1.3,138.5,166.1,11325.6,25.1,1570.4,141.5,9593.4,160.2,10530.3,6.5,713.9,166.6,11155.5
31/08/2009,168.3,10344.4,20.3,1242.1,168.2,11451.4,1.4,145.5,169.6,11587.6,25.8,1609.2,144.2,9816.4,163.5,10678.9,6.6,725.0,170.1,11424.1
30/09/2009,168.4,10357.5,20.2,1232.8,168.2,11435.4,1.5,144.5,169.7,11590.9,25.8,1616.5,144.6,9819.6,163.7,10641.3,6.8,749.8,170.5,11427.6
31/10/2009,171.8,10497.9,20.3,1238.3,171.5,11602.2,1.6,151.8,173.0,11739.6,26.0,1635.9,146.6,9926.8,165.6,10738.3,7.0,780.5,172.9,11564.7
30/11/2009,174.1,10652.7,20.5,1240.0,173.8,11751.0,1.6,156.5,175.5,11904.3,26.5,1659.4,149.3,10081.6,168.5,10886.5,7.1,772.1,175.8,11741.2
31/12/2009,174.3,10671.0,20.3,1234.3,174.0,11749.1,1.7,160.3,175.6,11908.0,26.5,1678.6,150.8,10143.4,169.7,10891.2,7.3,788.9,177.5,11817.1
31/01/2010,176.5,10730.7,20.3,1229.8,176.1,11800.8,1.7,162.6,177.8,11967.9,26.9,1677.9,152.7,10135.6,171.3,10936.4,7.5,810.1,179.1,11805.1
28/02/2010,177.4,10710.6,20.5,1230.2,177.0,11759.4,1.7,165.8,178.7,11923.3,26.9,1647.4,150.6,10003.0,170.1,10847.7,7.7,817.0,177.7,11685.8
31/03/2010,180.0,10831.8,20.8,1256.3,179.6,11899.1,1.8,171.9,181.6,12081.7,29.2,1796.2,150.3,9938.7,171.3,11036.2,7.8,820.7,179.1,11705.0
30/04/2010,180.9,10829.3,20.6,1241.6,180.5,11904.7,1.9,173.8,182.4,12068.3,29.2,1799.8,151.4,9911.4,172.5,10951.1,7.9,831.7,180.3,11742.3
31/05/2010,185.7,11164.0,21.0,1258.7,185.2,12247.8,1.9,184.0,187.2,12431.3,28.9,1820.7,156.0,10275.5,177.9,11324.4,8.2,871.4,185.0,12104.5
30/06/2010,187.2,11265.0,21.0,1263.2,186.7,12322.5,2.0,186.0,188.6,12526.0,28.6,1819.1,159.0,10387.4,179.3,11352.7,8.4,885.8,187.8,12190.7
31/07/2010,190.0,11400.2,21.2,1267.8,189.5,12490.3,2.0,187.8,191.4,12667.2,28.9,1829.8,160.6,10469.7,181.2,11451.5,8.6,907.7,189.9,12307.7
31/08/2010,187.8,11266.0,21.3,1272.3,187.2,12339.5,2.0,186.9,189.1,12530.9,28.9,1837.6,161.3,10547.6,181.3,11456.1,8.9,931.2,190.0,12381.1
30/09/2010,194.7,11650.2,21.6,1290.6,194.0,12758.2,2.1,193.1,196.1,12940.2,29.1,1871.1,164.6,10807.4,184.8,11652.0,9.2,964.6,194.0,12676.6
31/10/2010,197.6,11799.5,21.6,1295.8,196.7,12886.0,2.3,208.4,199.0,13097.0,29.4,1863.2,166.8,10861.7,186.6,11694.8,9.1,975.2,196.0,12713.7
30/11/2010,197.9,11792.0,21.6,1290.7,197.0,12881.9,2.4,210.6,199.5,13093.8,29.0,1855.9,165.8,10797.0,184.8,11601.4,10.0,1004.9,195.0,12657.2
31/12/2010,200.7,11915.8,21.6,1296.6,199.7,13005.0,2.5,209.2,202.2,13214.1,29.4,1872.0,169.5,11077.2,189.8,11930.4,8.8,913.5,199.1,12939.0
31/01/2011,204.7,12111.2,21.9,1318.7,203.6,13231.3,2.6,219.6,206.2,13442.9,29.7,1897.6,171.9,11164.9,191.6,12045.6,9.6,952.3,201.3,13062.3
28/02/2011,208.3,12412.6,22.0,1325.4,207.0,13498.5,2.7,225.5,209.7,13721.2,30.2,1922.2,174.1,11357.1,194.9,12315.1,9.6,988.0,204.5,13309.3
31/03/2011,208.8,12376.9,22.0,1315.9,207.4,13446.1,2.8,237.3,210.2,13680.7,30.2,1933.7,173.0,11154.7,192.7,12110.9,9.8,1022.5,202.7,13061.5
30/04/2011,213.0,12635.6,22.1,1338.3,211.7,13745.8,2.8,234.0,214.5,13979.0,30.6,1945.7,174.5,11249.8,194.5,12225.4,10.4,1035.8,204.9,13220.2
31/05/2011,212.2,12579.5,22.0,1329.1,210.8,13667.2,2.9,231.9,213.8,13915.4,30.2,1920.9,173.8,11240.4,194.0,12194.0,10.8,1062.6,203.8,13159.5
30/06/2011,215.2,12682.3,22.2,1331.8,213.7,13773.0,3.1,243.1,216.7,14011.5,30.9,1966.6,176.3,11347.5,196.7,12242.4,11.0,1090.3,207.6,13306.9
31/07/2011,219.2,12876.0,22.1,1339.2,217.5,13963.9,3.1,244.5,220.6,14212.3,31.6,1985.8,179.8,11492.4,200.0,12384.3,11.3,1125.9,211.5,13481.2
31/08/2011,218.6,12875.1,22.0,1331.5,216.9,13939.4,3.2,251.5,220.2,14204.4,31.3,1992.8,179.6,11560.8,199.6,12419.5,11.6,1156.1,211.0,13558.4
30/09/2011,222.7,13071.0,22.1,1332.7,220.9,14149.5,3.3,258.4,224.1,14399.8,32.0,2012.0,182.4,11671.7,202.6,12498.7,11.8,1161.0,214.4,13683.3
31/10/2011,225.2,13159.2,22.2,1340.5,223.4,14259.2,3.3,256.5,226.8,14506.8,32.2,2018.1,183.4,11724.1,203.6,12508.2,12.0,1185.4,215.6,13740.5
30/11/2011,227.3,13277.8,22.2,1344.3,225.3,14350.0,3.5,266.9,228.8,14625.6,32.3,2035.3,186.1,11807.4,205.7,12589.7,12.2,1198.9,218.3,13839.1
31/12/2011,230.5,13342.6,22.5,1359.8,228.5,14448.6,3.7,273.0,232.0,14705.1,33.0,2061.1,188.5,11943.4,209.0,12708.3,12.5,1214.0,222.1,14002.2
31/01/2012,232.5,13595.5,22.7,1368.0,230.4,14687.2,3.7,273.4,234.2,14966.3,32.7,2048.1,189.7,11932.4,209.1,12717.7,12.9,1242.5,221.8,13970.5
29/02/2012,235.3,13644.2,22.6,1350.8,233.0,14692.6,4.0,286.7,236.9,14984.6,33.2,2078.0,192.6,12149.4,212.5,12940.4,13.3,1301.0,225.8,14241.3
31/03/2012,240.9,13826.0,22.8,1363.0,238.5,14907.0,4.0,292.1,242.4,15184.3,33.9,2116.6,196.8,12330.8,216.8,13171.6,13.6,1303.4,230.7,14436.8
30/04/2012,240.0,13832.9,22.6,1363.2,237.7,14909.1,4.0,296.6,241.7,15201.8,33.7,2085.0,196.5,12299.3,216.5,13108.2,13.7,1315.2,229.6,14385.9
31/05/2012,243.5,13993.3,22.6,1358.2,241.1,15038.6,4.1,306.4,245.1,15354.2,34.3,2140.7,200.8,12491.5,221.7,13354.4,14.0,1331.4,235.2,14636.3
30/06/2012,248.9,14332.4,23.1,1428.9,246.8,15449.2,4.2,307.7,250.9,15766.1,35.0,2189.4,202.9,12675.6,223.6,13531.5,14.6,1370.1,238.3,14862.2
31/07/2012,250.6,14296.6,23.4,1460.3,248.5,15435.6,4.4,308.4,252.9,15754.9,35.1,2153.3,204.3,12670.3,224.7,13466.4,15.0,1388.2,239.4,14835.1
31/08/2012,255.0,14543.8,23.9,1495.9,253.1,15714.0,4.4,312.5,257.4,16024.7,35.8,2217.9,209.3,12954.0,230.2,13789.4,15.2,1413.8,245.3,15182.7
30/09/2012,258.6,14762.5,23.8,1493.4,256.5,15940.5,4.5,326.4,261.0,16255.9,37.4,2302.5,211.7,13082.7,233.1,13865.0,15.5,1433.8,248.9,15387.3
31/10/2012,258.5,14688.1,23.8,1492.0,256.5,15838.1,4.6,329.6,261.3,16187.9,37.0,2288.6,210.1,12940.6,231.2,13784.5,15.8,1449.9,247.0,15217.6
30/11/2012,262.3,14828.5,23.8,1494.9,260.3,16006.9,4.7,331.5,264.8,16316.6,38.3,2337.1,215.0,13043.3,236.6,13851.0,16.6,1522.3,253.4,15385.4
31/12/2012,264.5,14964.0,23.7,1489.6,262.4,16133.3,4.7,337.7,267.2,16460.2,38.8,2346.6,211.6,13021.5,233.7,13746.5,16.8,1550.5,250.8,15358.0
31/01/2013,267.1,15049.6,23.7,1485.7,264.9,16192.7,4.9,340.3,269.7,16523.8,39.5,2396.9,215.7,13157.8,237.7,13945.7,17.4,1588.3,255.1,15548.7
28/02/2013,269.9,15212.3,23.9,1518.2,267.9,16379.6,5.1,350.8,272.9,16729.3,40.0,2398.2,215.7,13168.6,237.9,13949.8,17.7,1627.8,255.6,15569.1
31/03/2013,272.8,15309.1,23.7,1525.2,270.6,16472.0,5.1,354.4,275.7,16835.4,40.7,2412.0,219.4,13345.3,241.6,14142.8,18.1,1660.1,259.7,15742.2
30/04/2013,275.4,15387.3,23.8,1497.0,273.2,16526.1,5.4,364.2,278.7,16897.8,40.9,2420.5,221.4,13413.2,243.4,14139.6,18.7,1701.2,262.0,15829.3
31/05/2013,278.1,15498.3,23.7,1511.5,275.7,16631.6,5.6,373.6,281.2,17015.8,41.2,2438.6,221.8,13404.3,244.6,14165.1,18.9,1721.7,263.3,15844.3
30/06/2013,281.7,15657.9,23.7,1512.2,279.3,16794.6,5.5,375.5,284.7,17171.0,42.3,2456.9,224.4,13488.8,247.6,14218.0,19.3,1709.4,266.7,15940.5
31/07/2013,282.2,15741.8,23.5,1513.2,279.5,16845.2,5.7,390.9,285.5,17261.6,42.5,2492.0,223.7,13585.5,247.3,14355.6,19.4,1740.0,266.6,16101.4
31/08/2013,288.5,16074.0,23.9,1545.2,286.0,17229.5,5.7,398.5,291.6,17606.8,46.1,2665.8,226.3,13758.0,253.5,14711.3,19.5,1743.1,273.0,16458.7
30/09/2013,287.1,15924.8,23.6,1520.2,284.5,17059.3,5.7,391.8,290.3,17447.0,46.3,2663.8,225.2,13644.1,251.4,14505.3,19.7,1769.0,270.9,16309.9
31/10/2013,289.8,16087.1,23.4,1512.9,287.0,17200.2,5.8,390.6,292.8,17594.6,46.7,2697.5,227.2,13727.0,253.7,14618.0,19.9,1784.9,273.7,16411.0
30/11/2013,292.9,16224.6,23.4,1522.8,290.3,17363.1,5.9,401.7,296.1,17747.7,47.2,2713.9,228.2,13776.0,255.3,14705.4,20.1,1802.1,275.8,16501.1
31/12/2013,297.3,16527.6,23.6,1530.6,294.4,17628.6,6.1,420.8,300.5,18059.0,48.1,2745.2,232.0,13954.6,259.3,14823.5,20.5,1836.6,279.9,16672.0
31/01/2014,299.3,16566.2,23.5,1526.0,296.7,17675.8,5.9,414.7,302.5,18075.4,48.7,2798.3,235.5,14145.4,263.5,15089.0,20.6,1859.6,284.3,16933.8
28/02/2014,302.7,16810.0,23.3,1520.6,300.0,17918.3,5.9,413.0,305.9,18333.4,49.4,2816.5,236.7,14256.8,264.8,15194.1,20.9,1882.7,285.8,17060.8
31/03/2014,306.6,16911.3,23.3,1535.4,304.0,18044.0,6.0,420.2,310.1,18461.7,49.5,2782.3,240.2,14430.0,267.7,15273.0,21.6,1920.0,289.4,17216.6
30/04/2014,308.2,16929.8,23.2,1538.9,305.4,18028.7,6.1,424.5,311.5,18476.3,50.4,2834.7,243.9,14486.8,272.0,15393.0,22.0,1950.7,293.8,17297.1
31/05/2014,310.9,17049.9,23.2,1542.5,308.2,18188.8,6.0,420.7,314.2,18597.7,51.2,2884.8,246.1,14643.7,275.9,15580.7,22.2,1968.6,298.1,17547.4
30/06/2014,313.6,17180.4,23.2,1543.7,310.7,18289.4,6.3,428.3,317.1,18729.5,52.0,2904.1,247.9,14694.3,278.0,15616.4,22.3,1997.7,299.5,17586.6
31/07/2014,317.8,17417.2,23.0,1534.1,314.8,18498.3,6.2,439.5,321.0,18944.3,52.8,2960.5,251.2,14897.7,281.9,15805.2,22.6,2027.5,304.5,17890.3
31/08/2014,320.3,17570.9,22.9,1541.3,317.6,18661.6,6.2,441.6,323.6,19099.7,53.6,2967.5,253.1,14968.3,284.1,15894.9,22.8,2072.3,306.8,17961.2
30/09/2014,322.0,17592.0,22.7,1521.1,319.4,18671.5,6.1,447.4,325.6,19122.1,54.1,2992.8,254.3,14998.2,285.3,15903.8,23.0,2084.9,308.1,18003.0
31/10/2014,327.8,17883.9,22.8,1532.5,325.1,18953.6,6.2,451.2,331.2,19410.5,54.8,3011.8,258.0,15125.5,289.2,16025.7,23.3,2118.0,312.7,18115.0
30/11/2014,330.5,18007.2,22.7,1525.3,327.8,19107.6,6.1,444.9,333.9,19523.9,55.4,3028.6,258.9,15180.4,290.7,16039.5,23.6,2142.7,314.5,18217.1
31/12/2014,328.9,17916.4,22.3,1511.6,326.1,18956.2,6.3,464.2,332.5,19442.7,58.5,3224.9,259.4,15108.1,293.6,16158.6,23.8,2155.9,317.8,18307.0
31/01/2015,333.3,17940.5,22.3,1504.5,330.5,18997.9,6.3,469.5,336.7,19424.3,58.5,3220.6,260.3,15017.4,294.7,16040.7,24.4,2199.0,319.5,18244.3
28/02/2015,337.1,18155.6,22.3,1513.9,334.2,19197.2,6.3,473.8,340.5,19675.2,59.3,3232.7,265.3,15303.8,299.3,16280.9,24.8,2250.4,324.3,18512.0
31/03/2015,346.8,18830.9,22.4,1516.4,343.9,19854.4,6.3,480.3,350.5,20360.1,61.9,3384.1,270.8,15745.9,307.2,16802.4,24.7,2372.6,331.4,19130.7
30/04/2015,344.1,18537.7,22.1,1480.9,341.1,19542.2,6.4,486.2,347.4,20017.0,61.5,3356.2,268.7,15539.9,304.8,16525.3,25.5,2334.2,330.3,18888.4
31/05/2015,349.3,18845.2,22.2,1510.0,346.1,19854.6,6.5,489.4,352.7,20351.7,62.6,3398.0,268.4,15499.1,305.8,16581.1,25.5,2329.4,331.4,18893.6
30/06/2015,352.2,18873.5,21.7,1483.7,348.8,19845.9,6.8,499.2,355.9,20372.9,64.9,3472.3,274.1,15790.6,312.6,16818.0,27.0,2475.8,338.8,19258.9
31/07/2015,356.4,19080.6,21.8,1491.9,353.5,20073.6,6.3,485.4,359.8,20566.5,62.8,3288.3,276.2,15816.0,310.5,16524.7,28.9,2548.0,339.5,19131.6
31/08/2015,358.5,19232.4,21.7,1485.8,355.8,20231.2,6.5,509.2,362.1,20722.1,64.3,3352.9,278.4,15922.8,313.9,16678.6,29.5,2590.2,343.0,19312.4
30/09/2015,365.0,19412.5,21.6,1477.9,362.0,20346.5,6.6,530.0,368.4,20893.0,64.7,3362.8,281.2,16109.8,315.7,16840.1,29.7,2605.9,345.4,19473.9
31/10/2015,367.2,19399.0,21.6,1482.7,364.1,20374.4,6.6,514.9,370.5,20872.7,66.0,3389.7,289.1,16565.5,324.4,17242.8,30.9,2709.9,355.6,19951.2
30/11/2015,370.4,19519.5,21.5,1482.5,367.2,20517.2,6.7,505.7,374.1,21004.8,67.1,3436.1,292.6,16663.2,328.3,17345.5,31.4,2767.7,359.5,20101.2
31/12/2015,378.3,20045.3,21.5,1483.4,375.1,21004.5,6.8,516.5,381.6,21525.6,67.3,3474.4,295.3,16765.3,329.7,17361.7,32.3,2873.1,362.4,20214.1
31/01/2016,377.1,19919.8,21.3,1477.9,373.6,20856.7,7.2,541.7,380.6,21368.3,67.8,3472.2,296.4,16788.2,331.2,17362.0,32.7,2938.2,364.4,20249.7
29/02/2016,382.5,19869.1,21.3,1471.5,379.0,20834.3,7.0,522.4,386.3,21360.8,69.1,3477.4,303.1,17034.2,338.2,17524.1,33.4,2979.9,371.7,20486.0
31/03/2016,388.2,20244.5,20.8,1460.5,384.3,21166.8,7.3,532.9,391.7,21711.3,69.4,3506.1,301.2,16822.2,335.6,17355.0,34.1,3026.2,369.2,20326.4
30/04/2016,395.1,20411.0,21.3,1478.8,391.3,21354.8,7.3,532.9,398.7,21890.7,71.4,3573.8,304.9,16970.9,341.6,17495.7,34.5,3035.0,377.1,20563.9
31/05/2016,397.3,20442.8,20.7,1451.5,393.2,21339.2,7.4,541.1,400.8,21897.2,71.3,3560.5,307.7,16932.2,344.3,17479.2,35.5,3045.2,379.4,20493.0
30/06/2016,400.5,20616.4,20.6,1445.0,396.3,21507.9,7.7,552.5,404.1,22060.1,72.1,3610.6,310.4,17088.0,347.0,17583.7,36.5,3079.2,382.7,20690.2
31/07/2016,402.6,20626.9,20.6,1454.7,398.0,21496.8,8.1,561.9,406.2,22072.2,73.3,3626.8,315.2,17241.0,351.3,17726.0,37.7,3092.9,389.0,20891.9
31/08/2016,412.0,20921.3,20.3,1428.2,405.6,21687.1,10.1,651.7,415.8,22373.4,75.3,3728.3,319.7,17382.8,355.7,17829.3,39.9,3240.6,395.1,21134.6
30/09/2016,415.3,21094.1,20.3,1436.6,408.1,21863.0,10.8,665.0,418.8,22522.0,76.1,3750.2,324.3,17591.5,360.9,18049.8,39.7,3272.5,400.2,21354.8
31/10/2016,415.2,21085.0,20.2,1431.6,407.8,21856.7,11.0,667.6,418.8,22519.3,77.3,3823.3,326.2,17754.8,362.9,18142.6,41.2,3388.1,403.7,21567.8
30/11/2016,424.3,21458.7,19.7,1405.9,417.4,22176.5,10.5,685.1,427.8,22873.2,77.6,3847.2,328.5,17739.4,364.2,18211.9,40.9,3379.1,406.0,21567.9
31/12/2016,422.5,21583.3,19.8,1402.1,416.2,22333.1,10.0,680.3,425.8,22975.2,78.4,3872.9,330.8,17975.1,367.8,18515.6,40.7,3380.9,409.3,21840.3
31/01/2017,438.8,21942.7,19.7,1411.8,431.8,22654.8,10.4,701.5,442.4,23339.9,79.8,3930.1,336.5,18094.4,373.8,18649.3,41.8,3441.1,415.9,22008.1
28/02/2017,442.3,22020.0,19.6,1397.7,435.5,22730.8,10.4,695.6,445.8,23415.9,81.2,3967.2,339.0,18151.4,375.7,18618.0,43.1,3519.4,419.4,22080.3
31/03/2017,447.2,22028.4,18.8,1351.1,440.3,22708.2,10.4,695.0,450.7,23385.5,82.8,4012.2,343.4,18221.9,378.8,18610.7,44.7,3619.1,424.0,22227.1
30/04/2017,448.8,22223.6,19.4,1397.6,441.4,22910.0,10.8,714.0,452.3,23607.0,83.5,4051.9,343.5,18375.6,381.7,18766.3,46.7,3729.8,428.3,22470.0
31/05/2017,462.5,22713.0,19.1,1376.5,454.9,23336.3,11.1,734.1,466.2,24101.2,84.8,4142.1,348.9,18600.5,387.8,18898.3,47.8,3892.1,435.4,22756.4
30/06/2017,467.6,22878.4,19.1,1382.4,459.8,23516.9,11.3,729.3,471.1,24262.3,85.7,4158.4,353.2,18690.5,392.4,18944.2,48.0,3882.1,439.2,22849.4
31/07/2017,468.2,22794.3,19.0,1366.8,460.1,23419.2,11.5,738.9,472.1,24167.1,85.9,4103.6,356.9,18716.7,395.9,18944.4,47.9,3753.6,443.3,22851.3
31/08/2017,474.6,23167.6,18.9,1372.3,466.7,23762.3,11.8,755.7,478.0,24547.9,86.3,4165.3,359.8,18763.7,397.7,18916.6,48.8,3869.5,445.5,22938.9
30/09/2017,477.8,23245.5,18.7,1372.6,470.1,23828.9,11.6,751.3,481.5,24621.9,87.1,4195.3,363.9,18919.5,401.1,19063.8,51.3,4002.3,451.6,23137.4
31/10/2017,488.4,23635.3,18.3,1341.3,480.4,24214.9,11.6,743.1,491.9,24975.9,88.9,4251.6,368.6,19071.5,405.2,19123.3,52.8,4125.4,457.2,23314.1
30/11/2017,494.2,23842.8,18.2,1329.6,485.9,24424.4,11.9,784.7,497.8,25178.9,89.2,4287.8,374.9,19381.9,407.2,19424.4,54.7,4222.9,463.8,23626.0
31/12/2017,489.9,24015.1,17.9,1319.8,481.5,24525.5,12.1,815.7,493.1,25312.0,89.4,4299.0,372.9,19276.8,404.9,19432.3,56.0,4299.9,461.6,23547.2
31/01/2018,509.5,24538.6,17.8,1312.8,500.2,25066.1,12.7,831.1,513.4,25860.3,91.1,4369.5,385.9,19814.8,419.5,19948.3,56.4,4357.5,477.1,24166.6
28/02/2018,511.0,24663.0,17.5,1297.2,501.2,25120.9,13.3,846.7,514.5,25947.4,92.0,4389.0,390.2,19861.3,422.0,19866.5,58.0,4444.4,481.2,24209.2
31/03/2018,515.8,24629.4,17.4,1287.0,505.9,25149.4,13.5,850.4,519.3,25919.3,92.6,4379.1,393.2,19974.8,425.5,20082.4,59.1,4489.1,483.5,24358.4
30/04/2018,536.4,25126.0,17.2,1278.8,525.5,25512.2,14.2,892.2,540.2,26410.4,96.2,4483.0,401.5,20191.3,438.4,20106.3,60.0,4566.1,499.6,24725.9
31/05/2018,527.1,25090.9,17.5,1296.5,517.4,25485.9,13.1,864.0,530.2,26354.8,96.0,4447.9,407.9,20626.2,449.6,20782.9,60.7,4619.8,510.2,25387.3
30/06/2018,531.5,25296.9,17.1,1276.8,522.4,25666.3,12.6,879.8,535.0,26595.9,96.7,4509.8,413.4,20881.2,453.4,20909.8,62.8,4728.3,514.2,25687.7
31/07/2018,544.0,25812.5,16.9,1258.4,535.2,26153.9,12.4,876.3,548.0,27074.2,98.7,4627.1,420.8,21129.9,461.9,21045.0,60.6,4779.1,521.6,26043.6
31/08/2018,545.0,26004.2,16.8,1251.2,536.8,26342.9,12.3,876.2,548.3,27277.2,100.2,4607.0,427.7,21433.6,467.3,21170.3,64.1,4913.7,528.9,26326.3
30/09/2018,548.1,25968.0,16.6,1241.1,539.6,26237.6,12.2,884.2,551.4,27197.7,101.1,4699.9,429.7,21492.0,471.3,21237.7,65.6,5012.0,534.6,26482.7
31/10/2018,560.9,26309.2,16.3,1226.1,552.0,26619.1,12.4,903.9,564.6,27561.1,101.6,4706.8,428.9,21474.0,470.9,21303.0,64.8,5023.8,534.9,26508.3
30/11/2018,562.9,26177.8,16.5,1239.8,553.7,26544.8,12.6,914.1,566.5,27425.1,103.8,4736.7,434.0,21455.2,468.3,21436.8,68.1,5140.2,540.4,26424.8
31/12/2018,564.3,26291.7,16.2,1219.0,555.2,26655.0,12.7,912.9,567.8,27499.8,105.1,4762.8,436.2,21445.0,468.9,21509.1,75.6,5251.9,545.5,26523.6
31/01/2019,576.9,26542.3,16.2,1215.9,567.6,26948.3,12.6,923.4,580.3,27726.7,106.2,4836.7,443.0,21742.5,479.3,21676.2,72.3,5379.7,554.1,26890.8
28/02/2019,585.7,27205.1,16.2,1223.5,576.2,27461.1,12.8,950.6,589.2,28406.7,106.4,4849.4,452.0,22149.4,486.7,21961.9,73.0,5591.2,561.4,27349.9
31/03/2019,591.9,27155.1,16.0,1217.3,582.3,27490.3,13.0,957.2,595.4,28369.8,106.8,4837.3,462.8,22452.2,496.9,22160.7,73.9,5725.4,570.4,27637.6
30/04/2019,608.0,27586.3,15.8,1197.8,597.9,27811.2,13.3,967.8,612.1,28817.0,88.9,4430.0,480.4,22944.3,501.4,22206.9,75.7,5750.1,577.3,27797.7
31/05/2019,601.2,27638.2,15.7,1193.4,591.2,27788.1,13.4,985.8,604.2,28783.5,89.5,4502.9,484.4,23149.4,506.1,22354.2,76.7,5781.5,582.7,28047.2
30/06/2019,613.5,28010.7,15.6,1181.1,603.0,28146.4,14.1,1001.0,616.7,29205.4,89.0,4553.9,493.1,23541.5,512.5,22402.8,78.6,5919.5,586.9,28475.8
31/07/2019,629.5,28535.9,15.4,1172.1,619.2,28680.4,14.2,995.8,633.9,29734.0,90.4,4657.3,506.3,24056.2,519.7,22665.1,80.2,6012.0,599.3,29080.5
31/08/2019,617.0,28676.2,15.3,1168.5,607.7,28811.2,13.6,999.1,620.2,29868.0,90.8,4646.5,508.0,24304.8,524.1,22819.1,79.8,6066.7,599.5,29307.3
30/09/2019,639.1,29282.9,15.3,1171.8,628.5,29289.9,14.3,1033.7,642.8,30486.0,92.0,4696.1,514.4,24371.5,532.0,22851.7,81.7,6137.3,610.5,29407.5
31/10/2019,639.6,28971.5,15.2,1181.5,628.5,29086.4,14.6,1042.0,642.8,30139.0,92.1,4664.2,518.8,24556.0,533.0,23065.6,83.8,6179.9,615.9,29615.6
30/11/2019,634.0,28605.6,15.1,1171.3,622.6,28792.0,14.7,1044.6,637.9,29794.0,91.8,4630.7,514.2,24170.1,516.3,23024.0,86.0,6331.7,608.8,29034.3
31/12/2019,646.6,29555.6,15.0,1169.0,634.4,29664.3,15.5,1102.7,649.8,30704.6,95.0,4724.4,518.0,24596.9,523.7,23505.0,91.3,6619.3,617.7,29679.8
31/01/2020,649.1,29448.4,14.8,1150.3,636.8,29698.4,15.5,1101.8,652.6,30560.0,93.3,4684.0,518.8,24605.2,523.2,23260.2,91.6,6672.4,618.2,29648.1
29/02/2020,653.8,29694.3,14.8,1147.4,642.0,29720.7,15.0,1098.4,657.1,30810.0,92.7,4652.1,523.7,24739.1,527.1,23398.5,91.7,6728.5,620.2,29775.7
31/03/2020,655.8,30538.0,12.0,960.3,644.0,30655.6,14.2,923.4,658.8,31536.8,93.8,4773.4,508.7,24666.0,518.5,23834.9,84.8,6268.5,602.2,29760.5
30/04/2020,532.2,25632.1,6.1,467.3,518.7,25290.2,14.4,786.6,533.5,26083.6,79.3,4211.3,407.8,20406.3,405.8,18546.1,87.4,6569.9,492.8,24888.8
31/05/2020,604.6,30252.5,7.3,575.7,590.7,29803.4,15.0,910.3,605.1,30737.7,88.1,4757.1,477.6,24423.5,482.8,22719.1,91.7,7007.1,573.7,29526.7
30/06/2020,694.8,33384.7,8.6,680.5,683.0,33205.3,13.9,827.4,696.7,34153.2,91.7,4968.2,533.8,26700.0,536.3,24532.2,96.7,7156.2,628.8,31986.5
31/07/2020,699.9,33730.3,9.3,757.6,688.9,33612.6,13.9,868.1,702.1,34456.6,105.0,5509.2,541.6,27231.2,545.4,24852.0,102.5,7562.3,647.9,32982.2
31/08/2020,670.1,33085.5,8.5,689.7,658.2,32840.5,14.4,905.3,671.8,33826.2,98.3,5201.4,521.6,26463.2,518.0,23459.8,105.9,7771.1,618.3,31898.8
30/09/2020,698.8,33561.8,8.9,715.3,686.3,33219.3,14.5,880.2,700.7,34313.9,91.4,4874.1,531.8,26246.4,520.0,22814.4,109.3,7905.2,626.8,31330.5
31/10/2020,695.0,32773.3,9.0,729.1,682.4,32593.4,14.6,890.6,696.7,33476.6,93.1,4895.3,545.0,26841.5,532.9,23512.2,112.3,8079.5,644.0,32028.9
30/11/2020,737.7,34999.0,9.5,779.9,724.3,34942.0,15.3,944.4,740.8,35829.7,98.7,5210.1,564.5,27839.5,544.6,25357.8,110.1,8090.8,664.0,33085.4
31/12/2020,739.6,34812.8,10.2,866.9,727.2,34825.4,14.9,899.2,741.9,35629.2,97.9,5103.4,561.3,27649.4,550.7,25424.1,109.2,8163.2,664.1,32968.7
31/01/2021,739.9,34408.0,10.0,849.8,728.2,34713.0,14.2,843.3,742.6,35197.2,97.2,5056.6,565.4,27659.0,553.5,25235.7,111.1,8168.6,667.2,32908.8
28/02/2021,753.8,35434.2,9.8,828.2,740.4,35142.5,15.7,1008.0,756.3,36230.5,96.0,4968.7,567.3,27380.5,553.4,25091.8,109.7,7947.8,664.2,32548.4
31/03/2021,789.8,36561.4,10.2,880.6,776.3,36542.0,16.1,985.3,793.5,37523.1,95.6,4999.2,581.2,27901.4,571.3,25852.4,108.8,7874.4,677.2,33115.2
30/04/2021,785.1,36342.3,10.0,853.5,771.8,36149.6,15.8,999.8,788.2,37184.2,93.0,4885.5,572.5,27479.1,564.7,24957.4,108.7,7884.6,673.6,32614.0
31/05/2021,783.2,36462.1,9.9,845.8,769.7,36166.2,16.3,1072.6,785.8,37254.9,82.2,4375.4,571.7,27574.7,558.0,24571.9,109.5,7848.1,666.0,32325.0
30/06/2021,772.5,36192.0,9.1,771.4,759.9,35920.7,15.8,948.2,774.9,37023.3,77.7,4313.6,557.1,27092.3,536.4,23497.2,107.5,7872.9,638.9,31683.4
31/07/2021,705.7,33606.8,8.5,713.4,693.7,33390.7,15.3,937.9,708.0,34267.1,70.0,3990.9,518.8,25788.0,482.7,21293.4,108.2,8075.0,590.7,30019.5
31/08/2021,682.1,34388.1,7.4,627.1,668.3,33893.2,16.3,1053.2,683.9,35077.8,65.8,3772.8,485.0,24657.6,453.9,20056.2,98.3,7780.7,548.1,28573.7
30/09/2021,707.2,35576.0,7.5,620.5,691.8,34885.7,17.2,1153.3,708.9,36217.7,64.8,3783.4,490.4,24837.5,469.3,20310.4,92.1,7711.2,558.7,28761.9
31/10/2021,734.2,36738.8,7.8,678.1,718.4,36129.2,17.7,1204.0,735.8,37385.1,69.1,4004.1,521.1,26608.2,503.6,22658.3,92.4,7702.9,594.3,30788.5
30/11/2021,810.9,40320.6,8.8,790.6,795.6,39975.8,17.7,1290.6,814.8,41199.7,75.7,4344.6,557.4,28328.0,529.2,25472.5,93.0,7546.5,634.4,32664.2
31/12/2021,778.8,38173.1,8.9,804.6,764.1,37863.5,17.1,1183.6,781.2,38910.0,74.7,4132.3,552.2,27824.6,530.3,25244.7,95.8,7533.1,632.0,32140.5
31/01/2022,783.7,38815.1,8.2,744.9,768.5,38807.2,17.4,1187.9,786.7,39549.0,72.5,4124.3,533.8,27547.4,514.9,24571.1,93.9,7682.4,611.4,31855.2
28/02/2022,812.3,40730.8,8.5,776.4,796.3,40042.9,18.4,1332.4,814.9,41477.9,74.7,4240.2,562.7,28566.8,538.5,25748.0,99.3,7786.4,638.3,32965.5
31/03/2022,820.5,41141.7,8.5,796.2,803.4,40585.8,19.5,1400.0,823.1,41948.1,74.4,4267.7,570.9,29045.4,549.8,26101.0,99.5,7940.0,647.0,33483.0
30/04/2022,829.0,41710.9,8.5,796.5,811.5,40974.9,20.1,1462.3,832.2,42506.5,74.6,4319.0,577.7,29394.0,561.8,26345.1,101.9,8083.1,660.5,33912.5
31/05/2022,852.8,42948.1,8.5,789.7,834.9,42076.0,20.6,1553.0,855.4,43704.8,76.4,4352.8,594.0,30162.3,579.4,26884.1,103.4,8047.2,681.7,34843.5
30/06/2022,866.3,43467.0,8.4,788.4,848.4,42585.3,21.6,1589.2,868.9,44289.2,75.5,4469.5,604.9,30835.2,588.9,27043.2,102.8,8122.2,685.4,35590.9
31/07/2022,852.2,42693.5,8.4,790.5,833.1,41724.9,22.8,1665.7,854.8,43403.0,73.5,4376.1,609.9,30840.6,583.8,26852.7,103.0,8012.8,684.8,35453.1
31/08/2022,875.5,44524.2,8.4,791.1,855.9,43519.4,23.2,1720.6,879.0,45429.5,74.8,4409.8,615.7,31318.7,597.1,27203.0,98.3,7917.2,689.6,35963.4
30/09/2022,881.5,44659.4,8.6,815.8,861.3,43544.7,23.0,1742.6,884.3,45499.5,73.7,4424.6,626.0,31820.5,606.8,27443.2,102.1,8124.7,705.2,36507.3
31/10/2022,884.5,44669.9,8.7,828.4,864.0,43616.3,23.4,1823.3,887.7,45526.7,74.6,4478.1,722.8,37453.9,670.6,30877.1,138.6,10748.0,806.9,42429.9
30/11/2022,887.9,45171.2,8.5,806.7,866.5,44263.2,24.2,1841.0,891.7,46017.2,73.8,4481.9,710.6,36843.3,635.8,31122.5,138.5,11011.0,790.4,41621.6
31/12/2022,849.6,42654.1,8.4,807.1,827.9,41775.2,24.6,1843.5,851.9,43359.0,72.1,4160.1,700.3,36137.1,640.1,30966.9,140.6,11026.2,785.9,40916.6
31/01/2023,911.5,45645.4,8.4,811.7,888.3,44986.3,25.5,1919.7,915.0,46470.3,72.2,4256.3,705.8,36575.0,648.4,31104.5,136.7,10868.2,788.6,41400.7
28/02/2023,902.2,45971.1,8.4,807.5,880.0,44688.4,25.1,1963.7,905.0,46758.9,72.4,4350.3,718.3,36848.7,658.4,31499.1,139.0,10939.3,796.8,41745.4
31/03/2023,918.6,45995.4,8.4,809.6,895.8,44833.3,25.8,2014.7,921.5,46805.2,72.2,4332.2,722.5,36684.5,666.9,31546.4,139.1,10777.4,803.0,41538.8
30/04/2023,910.8,46147.1,8.3,807.8,887.4,44851.0,26.3,2033.1,913.7,46916.7,72.3,4359.7,726.7,37460.0,673.3,31697.7,145.9,11386.9,812.5,42377.1
31/05/2023,917.8,46812.2,8.3,807.9,894.1,45493.0,26.9,2055.3,921.2,47650.1,71.0,4365.1,717.2,37322.1,674.3,31566.4,132.7,10808.8,806.4,42360.2
30/06/2023,926.4,47069.8,8.2,807.1,901.7,45642.3,28.6,2123.2,929.1,47893.0,69.9,4392.5,733.6,37769.6,684.7,31666.7,135.1,10680.9,813.4,42791.3
31/07/2023,933.2,46842.1,8.4,814.2,907.2,45456.3,29.2,2127.9,936.4,47632.7,70.5,4386.6,749.6,38198.4,697.9,31969.4,132.1,10271.9,827.9,43198.2
31/08/2023,927.9,47590.6,8.2,798.7,903.5,46167.4,27.5,2108.8,930.6,48395.6,70.4,4385.8,757.3,38810.1,705.5,32146.3,132.7,10581.2,832.9,43798.1
30/09/2023,938.1,47985.1,8.3,783.1,913.3,46481.8,27.6,2114.2,941.3,48812.8,69.6,4383.4,759.7,39293.0,712.2,32568.9,134.1,10667.4,841.8,44347.4
31/10/2023,952.1,48378.6,8.2,769.3,927.2,46904.8,27.5,2106.9,955.2,49207.1,69.1,4327.6,749.9,39092.4,699.7,32555.7,133.8,10708.1,832.2,44165.2
