Date,1$,2$,5$,10$,20$,50$,100$,Total
25/01/1984,88,162,178 ,517 ,2227 ,3661 ,,6833 
29/02/1984,87,162,177 ,513 ,2230 ,3649 ,,6819 
28/03/1984,89,164,179 ,516 ,2236 ,3668 ,56 ,6909 
25/04/1984,96,173,190 ,543 ,2402 ,3711 ,286 ,7400 
30/05/1984,,166,181 ,512 ,2226 ,3482 ,462 ,7029 
27/06/1984,,169,183 ,513 ,2236 ,3450 ,596 ,7146 
25/07/1984,,169,184 ,511 ,2233 ,3413 ,711 ,7221 
29/08/1984,,171,187 ,515 ,2240 ,3369 ,810 ,7291 
26/09/1984,,171,187 ,514 ,2246 ,3346 ,877 ,7342 
31/10/1984,,173,188 ,515 ,2251 ,3344 ,955 ,7425 
28/11/1984,,177,192 ,529 ,2318 ,3402 ,1044 ,7662 
26/12/1984,,196,213 ,592 ,2630 ,3856 ,1317 ,8804 
30/01/1985,,175,190 ,527 ,2300 ,3411 ,1232 ,7835 
27/02/1985,,174,187 ,514 ,2252 ,3368 ,1272 ,7768 
27/03/1985,,175,189 ,518 ,2261 ,3377 ,1331 ,7852 
24/04/1985,,180,194 ,531 ,2345 ,3428 ,1401 ,8079 
29/05/1985,,179,191 ,517 ,2274 ,3397 ,1470 ,8028 
26/06/1985,,179,192 ,518 ,2285 ,3420 ,1542 ,8137 
31/07/1985,,177,193 ,515 ,2262 ,3404 ,1619 ,8170 
28/08/1985,,177,194 ,517 ,2275 ,3421 ,1675 ,8259 
25/09/1985,,176,194 ,517 ,2277 ,3411 ,1721 ,8296 
30/10/1985,,177,195 ,519 ,2279 ,3418 ,1779 ,8368 
27/11/1985,,180,199 ,526 ,2319 ,3448 ,1848 ,8519 
25/12/1985,,199,224 ,599 ,2640 ,3854 ,2155 ,9672 
29/01/1986,,178,199 ,528 ,2299 ,3422 ,1983 ,8609 
26/02/1986,,176,197 ,516 ,2247 ,3372 ,1997 ,8505 
26/03/1986,,183,205 ,545 ,2405 ,3488 ,2072 ,8898 
30/04/1986,,179,201 ,525 ,2290 ,3416 ,2101 ,8713 
28/05/1986,,179,201 ,522 ,2270 ,3420 ,2160 ,8753 
25/06/1986,,180,202 ,525 ,2285 ,3462 ,2239 ,8893 
30/07/1986,,175,202 ,523 ,2278 ,3478 ,2331 ,8987 
27/08/1986,,175,203 ,523 ,2292 ,3501 ,2389 ,9084 
24/09/1986,,175,204 ,525 ,2317 ,3509 ,2439 ,9168 
29/10/1986,,174,204 ,524 ,2309 ,3518 ,2508 ,9236 
26/11/1986,,178,207 ,532 ,2343 ,3546 ,2577 ,9383 
31/12/1986,,190,226 ,579 ,2508 ,3768 ,2852 ,10123 
28/01/1987,,177,208 ,536 ,2346 ,3539 ,2735 ,9539 
25/02/1987,,174,205 ,521 ,2286 ,3496 ,2742 ,9424 
25/03/1987,,175,207 ,523 ,2291 ,3511 ,2789 ,9495 
29/04/1987,,181,213 ,538 ,2364 ,3581 ,2864 ,9741 
27/05/1987,,178,212 ,525 ,2305 ,3545 ,2901 ,9667 
24/06/1987,,179,213 ,528 ,2316 ,3586 ,2975 ,9796 
29/07/1987,,173,211 ,528 ,2312 ,3608 ,3058 ,9891 
26/08/1987,,174,213 ,529 ,2311 ,3617 ,3111 ,9955 
30/09/1987,,176,215 ,539 ,2375 ,3699 ,3210 ,10214 
28/10/1987,,177,215 ,537 ,2364 ,3718 ,3290 ,10301 
25/11/1987,,180,219 ,545 ,2385 ,3775 ,3415 ,10519 
30/12/1987,,199,242 ,619 ,2657 ,4057 ,3715 ,11490 
27/01/1988,,184,223 ,578 ,2465 ,3798 ,3597 ,10845 
24/02/1988,,180,217 ,555 ,2351 ,3737 ,3610 ,10649 
30/03/1988,,189,229 ,593 ,2585 ,3936 ,3738 ,11272 
27/04/1988,,187,227 ,574 ,2466 ,3825 ,3755 ,11035 
25/05/1988,,186,223 ,557 ,2393 ,3797 ,3802 ,10958 
29/06/1988,,,225 ,566 ,2435 ,3860 ,3923 ,11009 
27/07/1988,,,228 ,566 ,2437 ,3897 ,4032 ,11160 
31/08/1988,,,230 ,566 ,2429 ,3897 ,4120 ,11242 
28/09/1988,,,230 ,576 ,2486 ,3936 ,4204 ,11433 
26/10/1988,,,229 ,579 ,2449 ,3924 ,4267 ,11448 
30/11/1988,,,236 ,618 ,2480 ,3966 ,4377 ,11677 
28/12/1988,,,264 ,725 ,2881 ,4367 ,4725 ,12963 
25/01/1989,,,233 ,632 ,2490 ,3950 ,4511 ,11815 
22/02/1989,,,231 ,624 ,2445 ,3922 ,4523 ,11744 
29/03/1989,,,244 ,670 ,2638 ,4052 ,4651 ,12255 
26/04/1989,,,239 ,644 ,2534 ,3993 ,4658 ,12067 
31/05/1989,,,234 ,625 ,2438 ,3933 ,4684 ,11914 
28/06/1989,,,237 ,630 ,2478 ,3992 ,4767 ,12103 
26/07/1989,,,236 ,630 ,2471 ,4012 ,4818 ,12166 
30/08/1989,,,236 ,625 ,2458 ,4003 ,4848 ,12170 
27/09/1989,,,235 ,643 ,2496 ,4061 ,4890 ,12325 
25/10/1989,,,225 ,667 ,2384 ,4078 ,4914 ,12267 
29/11/1989,,,224 ,702 ,2346 ,4178 ,5002 ,12452 
27/12/1989,,,243 ,829 ,2684 ,4687 ,5365 ,13808 
31/01/1990,,,222 ,706 ,2322 ,4216 ,5069 ,12534 
28/02/1990,,,223 ,685 ,2270 ,4201 ,5088 ,12466 
28/03/1990,,,225 ,688 ,2270 ,4230 ,5109 ,12522 
25/04/1990,,,231 ,727 ,2359 ,4332 ,5163 ,12812 
30/05/1990,,,228 ,682 ,2243 ,4262 ,5158 ,12573 
27/06/1990,,,230 ,673 ,2249 ,4355 ,5214 ,12720 
25/07/1990,,,230 ,647 ,2236 ,4448 ,5311 ,12871 
29/08/1990,,,231 ,646 ,2241 ,4540 ,5435 ,13093 
26/09/1990,,,232 ,654 ,2277 ,4666 ,5566 ,13395 
31/10/1990,,,231 ,645 ,2242 ,4709 ,5691 ,13518 
28/11/1990,,,235 ,652 ,2183 ,4856 ,5816 ,13742 
26/12/1990,,,254 ,743 ,2401 ,5539 ,6201 ,15138 
30/01/1991,,,233 ,644 ,2098 ,5063 ,5969 ,14006 
27/02/1991,,,237 ,623 ,2044 ,5074 ,6048 ,14027 
27/03/1991,,,245 ,652 ,2144 ,5337 ,6201 ,14579 
24/04/1991,,,241 ,638 ,2100 ,5303 ,6218 ,14500 
29/05/1991,,,240 ,622 ,2021 ,5197 ,6245 ,14325 
26/06/1991,,,241 ,625 ,2034 ,5298 ,6347 ,14545 
31/07/1991,,,239 ,617 ,2021 ,5318 ,6408 ,14603 
28/08/1991,,,240 ,614 ,2018 ,5341 ,6421 ,14634 
25/09/1991,,,242 ,615 ,2009 ,5412 ,6438 ,14717 
30/10/1991,,,244 ,612 ,1975 ,5437 ,6462 ,14731 
27/11/1991,,,247 ,585 ,1993 ,5514 ,6508 ,14846 
25/12/1991,,,269 ,600 ,2244 ,6140 ,6817 ,16070 
29/01/1992,,,248 ,546 ,1982 ,5648 ,6574 ,14997 
26/02/1992,,,247 ,542 ,1932 ,5583 ,6567 ,14871 
25/03/1992,,,250 ,546 ,1932 ,5621 ,6589 ,14938 
29/04/1992,,,256 ,557 ,1941 ,5782 ,6629 ,15166 
27/05/1992,,,252 ,548 ,1881 ,5711 ,6626 ,15018 
24/06/1992,,,255 ,550 ,1878 ,5788 ,6672 ,15142 
29/07/1992,,,285 ,547 ,1867 ,5856 ,6744 ,15299 
26/08/1992,,,289 ,548 ,1863 ,5884 ,6793 ,15376 
30/09/1992,,,288 ,552 ,1883 ,6008 ,6876 ,15607 
28/10/1992,,,286 ,550 ,1858 ,5990 ,6921 ,15605 
25/11/1992,,,289 ,556 ,1872 ,6061 ,7003 ,15782 
30/12/1992,,,308 ,597 ,2051 ,6658 ,7292 ,16906 
27/01/1993,,,286 ,548 ,1850 ,6168 ,7102 ,15954 
24/02/1993,,,284 ,543 ,1823 ,6094 ,7092 ,15836 
31/03/1993,,,287 ,548 ,1826 ,6143 ,7120 ,15925 
28/04/1993,,,291 ,554 ,1856 ,6274 ,7159 ,16135 
26/05/1993,,,288 ,549 ,1817 ,6190 ,7179 ,16023 
30/06/1993,,,291 ,553 ,1838 ,6314 ,7270 ,16265 
28/07/1993,,,289 ,549 ,1814 ,6320 ,7309 ,16282 
25/08/1993,,,291 ,551 ,1815 ,6351 ,7337 ,16346 
29/09/1993,,,293 ,557 ,1834 ,6480 ,7427 ,16592 
27/10/1993,,,293 ,555 ,1812 ,6462 ,7476 ,16598 
24/11/1993,,,296 ,606 ,1825 ,6531 ,7560 ,16819 
29/12/1993,,,322 ,669 ,2055 ,7282 ,7865 ,18194 
26/01/1994,,,293 ,591 ,1792 ,6586 ,7622 ,16884 
23/02/1994,,,295 ,591 ,1787 ,6571 ,7654 ,16898 
30/03/1994,,,305 ,608 ,1870 ,6824 ,7760 ,17367 
27/04/1994,,,303 ,601 ,1826 ,6778 ,7762 ,17269 
25/05/1994,,,302 ,590 ,1776 ,6660 ,7784 ,17113 
29/06/1994,,,305 ,592 ,1792 ,6777 ,7882 ,17348 
27/07/1994,,,304 ,591 ,1790 ,6831 ,7968 ,17484 
31/08/1994,,,307 ,595 ,1791 ,6834 ,8021 ,17547 
28/09/1994,,,308 ,597 ,1804 ,6926 ,8079 ,17713 
26/10/1994,,,309 ,597 ,1795 ,6947 ,8137 ,17784 
30/11/1994,,,313 ,604 ,1891 ,7061 ,8234 ,18104 
28/12/1994,,,341 ,659 ,2123 ,7827 ,8525 ,19474 
25/01/1995,,,311 ,594 ,1845 ,7119 ,8297 ,18165 
22/02/1995,,,310 ,592 ,1819 ,6996 ,8294 ,18011 
29/03/1995,,,313 ,587 ,1841 ,7043 ,8349 ,18134 
26/04/1995,,,325 ,587 ,1949 ,7310 ,8423 ,18594 
31/05/1995,,,321 ,565 ,1849 ,7084 ,8426 ,18244 
28/06/1995,,,325 ,568 ,1853 ,7147 ,8482 ,18373 
26/07/1995,,,324 ,574 ,1836 ,7173 ,8533 ,18440 
30/08/1995,,,327 ,577 ,1842 ,7191 ,8525 ,18462 
27/09/1995,,,327 ,580 ,1847 ,7271 ,8566 ,18591 
25/10/1995,,,328 ,581 ,1841 ,7315 ,8610 ,18675 
29/11/1995,,,332 ,590 ,1873 ,7414 ,8690 ,18899 
27/12/1995,,,359 ,631 ,2136 ,8298 ,8958 ,20382 
31/01/1996,,,326 ,576 ,1862 ,7506 ,8676 ,18946 
28/02/1996,,,330 ,583 ,1858 ,7507 ,8654 ,18932 
27/03/1996,,,333 ,584 ,1861 ,7589 ,8612 ,18978 
24/04/1996,,,335 ,584 ,1887 ,7764 ,8575 ,19145 
29/05/1996,,,333 ,580 ,1843 ,7685 ,8458 ,18899 
26/06/1996,,,334 ,582 ,1850 ,7852 ,8406 ,19025 
31/07/1996,,,335 ,584 ,1846 ,7986 ,8283 ,19033 
28/08/1996,,,336 ,586 ,1854 ,8122 ,8188 ,19086 
25/09/1996,,,337 ,589 ,1857 ,8274 ,8115 ,19172 
30/10/1996,,,338 ,590 ,1855 ,8414 ,8077 ,19275 
27/11/1996,,,343 ,598 ,1873 ,8563 ,8066 ,19444 
25/12/1996,,,367 ,637 ,2074 ,9429 ,8339 ,20845 
29/01/1997,,,341 ,593 ,1861 ,8816 ,8083 ,19694 
26/02/1997,,,342 ,594 ,1839 ,8725 ,8088 ,19588 
26/03/1997,,,350 ,605 ,1905 ,9024 ,8145 ,20028 
30/04/1997,,,346 ,597 ,1858 ,8935 ,8148 ,19884 
28/05/1997,,,345 ,596 ,1826 ,8863 ,8188 ,19818 
25/06/1997,,,348 ,599 ,1832 ,8945 ,8295 ,20019 
30/07/1997,,,348 ,603 ,1834 ,9026 ,8420 ,20231 
27/08/1997,,,349 ,606 ,1837 ,9042 ,8460 ,20294 
24/09/1997,,,351 ,607 ,1837 ,9129 ,8537 ,20461 
29/10/1997,,,352 ,611 ,1830 ,9199 ,8657 ,20649 
26/11/1997,,,356 ,622 ,1845 ,9292 ,8796 ,20911 
31/12/1997,,,373 ,648 ,1964 ,9843 ,9084 ,21912 
28/01/1998,,,356 ,617 ,1844 ,9494 ,8985 ,21297 
25/02/1998,,,354 ,613 ,1815 ,9356 ,8987 ,21124 
25/03/1998,,,357 ,614 ,1814 ,9399 ,9031 ,21215 
29/04/1998,,,361 ,617 ,1832 ,9542 ,9130 ,21481 
27/05/1998,,,359 ,613 ,1811 ,9498 ,9182 ,21463 
24/06/1998,,,361 ,617 ,1812 ,9553 ,9271 ,21613 
29/07/1998,,,363 ,618 ,1819 ,9669 ,9395 ,21864 
26/08/1998,,,365 ,623 ,1827 ,9730 ,9478 ,22023 
30/09/1998,,,365 ,626 ,1846 ,9921 ,9622 ,22379 
28/10/1998,,,366 ,629 ,1848 ,9941 ,9710 ,22494 
25/11/1998,,,370 ,634 ,1860 ,10005 ,9785 ,22654 
30/12/1998,,,392 ,671 ,2038 ,10893 ,10123 ,24117 
27/01/1999,,,370 ,633 ,1862 ,10235 ,9932 ,23032 
24/02/1999,,,372 ,632 ,1839 ,10076 ,9943 ,22862 
31/03/1999,,,380 ,645 ,1902 ,10423 ,10085 ,23436 
28/04/1999,,,377 ,637 ,1865 ,10320 ,10107 ,23306 
26/05/1999,,,377 ,637 ,1843 ,10236 ,10145 ,23238 
30/06/1999,,,378 ,639 ,1850 ,10355 ,10282 ,23505 
28/07/1999,,,379 ,642 ,1864 ,10460 ,10370 ,23715 
25/08/1999,,,380 ,642 ,1854 ,10422 ,10422 ,23720 
29/09/1999,,,379 ,643 ,1859 ,10539 ,10515 ,23936 
27/10/1999,,,380 ,647 ,1859 ,10578 ,10568 ,24031 
24/11/1999,,,385 ,654 ,1899 ,10809 ,10722 ,24468 
29/12/1999,,,422 ,712 ,2336 ,13132 ,11517 ,28118 
26/01/2000,,,384 ,642 ,1881 ,11087 ,11030 ,25025 
23/02/2000,,,383 ,638 ,1842 ,10828 ,10971 ,24662 
29/03/2000,,,384 ,631 ,1852 ,10869 ,11007 ,24743 
26/04/2000,,,404 ,655 ,2090 ,11929 ,11207 ,26286 
31/05/2000,,,388 ,631 ,1883 ,10973 ,11149 ,25024 
28/06/2000,,,395 ,644 ,1891 ,11074 ,11222 ,25225 
26/07/2000,,,396 ,641 ,1900 ,11227 ,11316 ,25480 
30/08/2000,,,400 ,642 ,1939 ,11384 ,11377 ,25742 
27/09/2000,,,404 ,647 ,1971 ,11700 ,11523 ,26246 
25/10/2000,,,401 ,643 ,1936 ,11623 ,11566 ,26170 
29/11/2000,,,408 ,646 ,1951 ,11781 ,11656 ,26442 
27/12/2000,,,436 ,678 ,2230 ,13135 ,11991 ,28470 
31/01/2001,,,411 ,626 ,1936 ,11874 ,11699 ,26546 
28/02/2001,,,422 ,638 ,1930 ,11780 ,11675 ,26447 
28/03/2001,,,422 ,657 ,1952 ,11719 ,11787 ,26536 
25/04/2001,,,433 ,665 ,2045 ,12158 ,11914 ,27214 
30/05/2001,,,425 ,653 ,1970 ,11814 ,11893 ,26755 
27/06/2001,,,429 ,657 ,1982 ,11887 ,11936 ,26891 
25/07/2001,,,429 ,658 ,1984 ,12031 ,12032 ,27134 
29/08/2001,,,445 ,668 ,2041 ,12213 ,12069 ,27434 
26/09/2001,,,469 ,694 ,2174 ,13294 ,12258 ,28889 
31/10/2001,,,511 ,772 ,2723 ,14554 ,12654 ,31214 
28/11/2001,,,544 ,822 ,2887 ,15110 ,12901 ,32264 
26/12/2001,,,564 ,849 ,3036 ,16053 ,13208 ,33711 
30/01/2002,,,557 ,833 ,2993 ,15658 ,13118 ,33159 
27/02/2002,,,541 ,801 ,2873 ,15038 ,13018 ,32271 
27/03/2002,,,548 ,809 ,3065 ,15958 ,13228 ,33608 
24/04/2002,,,537 ,793 ,2961 ,14898 ,13088 ,32277 
29/05/2002,,,533 ,815 ,2869 ,14738 ,13048 ,32003 
26/06/2002,,,530 ,803 ,2801 ,14718 ,13057 ,31909 
31/07/2002,,,524 ,773 ,2725 ,14518 ,13157 ,31696 
28/08/2002,,,518 ,772 ,2561 ,14418 ,13185 ,31455 
25/09/2002,,,521 ,762 ,2561 ,14318 ,13176 ,31337 
30/10/2002,,,515 ,767 ,2565 ,14748 ,13186 ,31779 
27/11/2002,,,518 ,789 ,2725 ,15398 ,13285 ,32715 
25/12/2002,,,538 ,833 ,2917 ,16738 ,13566 ,34592 
29/01/2003,,,532 ,819 ,2821 ,15488 ,13536 ,33196 
26/02/2003,,,525 ,805 ,2605 ,14868 ,13456 ,32258 
26/03/2003,,,520 ,787 ,2561 ,14848 ,13456 ,32171 
30/04/2003,,,523 ,785 ,2733 ,15868 ,13495 ,33403 
28/05/2003,,,517 ,775 ,2540 ,14888 ,13395 ,32114 
25/06/2003,,,516 ,763 ,2514 ,14918 ,13406 ,32116 
30/07/2003,,,514 ,761 ,2518 ,14928 ,13596 ,32316 
27/08/2003,,,509 ,751 ,2490 ,14998 ,13616 ,32363 
24/09/2003,,,514 ,765 ,2530 ,15108 ,13666 ,32582 
29/10/2003,,,517 ,773 ,2590 ,15478 ,13745 ,33103 
26/11/2003,,,525 ,787 ,2626 ,15688 ,13805 ,33431 
31/12/2003,,,550 ,827 ,2937 ,17301 ,14175 ,35790 
28/01/2004,,,545 ,813 ,2717 ,15931 ,13975 ,33981 
25/02/2004,,,543 ,813 ,2553 ,15541 ,13945 ,33394 
31/03/2004,,,539 ,803 ,2653 ,16291 ,13985 ,34270 
28/04/2004,,,529 ,791 ,2641 ,16081 ,13985 ,34026 
26/05/2004,,,524 ,795 ,2557 ,15691 ,14025 ,33591 
30/06/2004,,,533 ,791 ,2533 ,15941 ,14225 ,34022 
28/07/2004,,,531 ,799 ,2541 ,16321 ,14365 ,34556 
25/08/2004,,,543 ,801 ,2541 ,16081 ,14404 ,34370 
29/09/2004,,,537 ,801 ,2753 ,16411 ,14504 ,35006 
27/10/2004,,,549 ,823 ,2601 ,16571 ,14605 ,35148 
24/11/2004,,,598 ,841 ,2585 ,16620 ,14674 ,35318 
29/12/2004,,,578 ,877 ,2921 ,18370 ,15074 ,37820 
26/01/2005,,,566 ,867 ,2797 ,17220 ,14894 ,36344 
23/02/2005,,,544 ,923 ,2669 ,16680 ,14824 ,35639 
30/03/2005,,,541 ,841 ,2737 ,17200 ,14864 ,36182 
27/04/2005,,,544 ,835 ,2621 ,16640 ,14774 ,35413 
25/05/2005,,,537 ,831 ,2597 ,16770 ,14844 ,35578 
29/06/2005,,,539 ,859 ,2585 ,16740 ,14924 ,35646 
27/07/2005,,,546 ,846 ,2613 ,16786 ,15124 ,35914 
31/08/2005,,,557 ,848 ,2617 ,17080 ,15164 ,36267 
28/09/2005,,,551 ,848 ,2653 ,17301 ,15218 ,36570 
26/10/2005,,,577 ,882 ,2655 ,17519 ,15462 ,37095 
30/11/2005,,,557 ,857 ,2775 ,18014 ,15506 ,37708 
28/12/2005,,,584 ,893 ,3036 ,19323 ,15842 ,39678 
25/01/2006,,,580 ,887 ,2870 ,18180 ,15802 ,38318 
22/02/2006,,,580 ,917 ,2753 ,18063 ,15923 ,38236 
29/03/2006,,,573 ,879 ,2747 ,18228 ,15804 ,38232 
26/04/2006,,,578 ,874 ,2775 ,18470 ,15844 ,38541 
31/05/2006,,,570 ,862 ,2778 ,17917 ,15834 ,37961 
28/06/2006,,,571 ,860 ,2674 ,18019 ,15893 ,38018 
26/07/2006,,,567 ,855 ,2746 ,18171 ,16013 ,38351 
30/08/2006,,,573 ,870 ,2734 ,18312 ,16086 ,38575 
27/09/2006,,,579 ,872 ,2698 ,18543 ,16176 ,38868 
25/10/2006,,,577 ,876 ,2752 ,18727 ,16265 ,39197 
29/11/2006,,,592 ,907 ,2858 ,19204 ,16475 ,40036 
27/12/2006,,,611 ,927 ,3119 ,20590 ,16734 ,41980 
31/01/2007,,,598 ,900 ,2869 ,19181 ,16604 ,40151 
28/02/2007,,,587 ,889 ,2800 ,19027 ,16633 ,39936 
28/03/2007,,,596 ,905 ,2857 ,19522 ,16752 ,40632 
25/04/2007,,,597 ,904 ,2831 ,19511 ,16691 ,40534 
30/05/2007,,,580 ,880 ,2840 ,18992 ,16590 ,39883 
27/06/2007,,,591 ,896 ,2834 ,19228 ,16720 ,40269 
25/07/2007,,,591 ,894 ,2793 ,19405 ,16889 ,40571 
29/08/2007,,,603 ,907 ,2775 ,19802 ,17039 ,41127 
26/09/2007,,,602 ,907 ,2810 ,19988 ,17138 ,41446 
31/10/2007,,,600 ,910 ,2805 ,20042 ,17216 ,41572 
28/11/2007,,,617 ,934 ,2865 ,20563 ,17355 ,42335 
26/12/2007,,,639 ,961 ,3162 ,22367 ,17811 ,44939 
30/01/2008,,,628 ,941 ,2937 ,20706 ,17681 ,42894 
27/02/2008,,,618 ,927 ,2841 ,20245 ,17691 ,42321 
26/03/2008,,,613 ,921 ,2869 ,20724 ,17651 ,42777 
30/04/2008,,,610 ,921 ,2793 ,20363 ,17601 ,42288 
28/05/2008,,,612 ,917 ,2765 ,20252 ,17560 ,42106 
25/06/2008,,,615 ,919 ,2740 ,20141 ,17700 ,42115 
31/07/2008,,,620 ,923 ,2728 ,20488 ,17930 ,42689 
31/08/2008,,,627 ,928 ,2747 ,20856 ,18060 ,43218 
30/09/2008,,,629 ,938 ,2738 ,21224 ,18219 ,43749 
31/10/2008,,,653 ,972 ,2934 ,23262 ,18859 ,46680 
30/11/2008,,,654 ,976 ,3202 ,25759 ,19098 ,49688 
31/12/2008,,,675 ,1008 ,3389 ,27100 ,19538 ,51709 
31/01/2009,,,666 ,996 ,3077 ,24868 ,19528 ,49135 
28/02/2009,,,657 ,982 ,2968 ,24687 ,19628 ,48922 
31/03/2009,,,658 ,976 ,2928 ,24645 ,19897 ,49104 
30/04/2009,,,658 ,977 ,2844 ,24284 ,19937 ,48700 
31/05/2009,,,648 ,963 ,2672 ,23633 ,19937 ,47853 
30/06/2009,,,644 ,954 ,2651 ,23721 ,20117 ,48087 
31/07/2009,,,651 ,952 ,2627 ,23629 ,20326 ,48185 
31/08/2009,,,656 ,968 ,2686 ,23797 ,20336 ,48442 
30/09/2009,,,657 ,1000 ,2694 ,23916 ,20376 ,48641 
31/10/2009,,,666 ,1024 ,2710 ,24155 ,20415 ,48968 
30/11/2009,,,668 ,999 ,2761 ,24362 ,20494 ,49285 
31/12/2009,,,693 ,1015 ,2965 ,26090 ,20824 ,51586 
31/01/2010,,,683 ,1013 ,2792 ,23969 ,20583 ,49040 
28/02/2010,,,673 ,976 ,2668 ,23587 ,20622 ,48527 
31/03/2010,,,684 ,992 ,2812 ,24595 ,20702 ,49784 
30/04/2010,,,677 ,983 ,2729 ,23793 ,20471 ,48653 
31/05/2010,,,671 ,1019 ,2669 ,23562 ,20620 ,48541 
30/06/2010,,,673 ,983 ,2653 ,23711 ,20740 ,48759 
31/07/2010,,,679 ,991 ,2676 ,23888 ,20959 ,49192 
31/08/2010,,,676 ,995 ,2700 ,24057 ,20959 ,49386 
30/09/2010,,,685 ,1004 ,2748 ,24415 ,21028 ,49881 
31/10/2010,,,683 ,1004 ,2736 ,24334 ,21027 ,49784 
30/11/2010,,,698 ,1020 ,2799 ,24507 ,21007 ,50031 
31/12/2010,,,734 ,1058 ,3087 ,26766 ,21437 ,53082 
31/01/2011,,,714 ,1033 ,2855 ,24485 ,21156 ,50243 
28/02/2011,,,702 ,1015 ,2779 ,24104 ,21156 ,49755 
31/03/2011,,,751 ,1011 ,2777 ,24082 ,21135 ,49757 
30/04/2011,,,709 ,1028 ,2993 ,25780 ,21315 ,51825 
31/05/2011,,,704 ,1016 ,2809 ,24089 ,21175 ,49793 
30/06/2011,,,731 ,1010 ,2796 ,24287 ,21234 ,50059 
31/07/2011,,,699 ,1016 ,2784 ,24375 ,21454 ,50328 
31/08/2011,,,706 ,1030 ,2856 ,24813 ,21693 ,51098 
30/09/2011,,,716 ,1042 ,2880 ,25102 ,21943 ,51683 
31/10/2011,,,728 ,1054 ,2904 ,25330 ,22162 ,52178 
30/11/2011,,,736 ,1066 ,2947 ,25438 ,22322 ,52509 
31/12/2011,,,758 ,1100 ,3271 ,27786 ,22902 ,55817 
31/01/2012,,,748 ,1080 ,3059 ,25786 ,22711 ,53384 
29/02/2012,,,732 ,1055 ,2922 ,25124 ,22531 ,52364 
31/03/2012,,,741 ,1069 ,3022 ,25720 ,22710 ,53262 
30/04/2012,,,740 ,1067 ,3054 ,25739 ,22770 ,53369 
31/05/2012,,,732 ,1055 ,2962 ,25398 ,22929 ,53076 
30/06/2012,,,737 ,1059 ,2980 ,25663 ,23156 ,53595 
31/07/2012,,,736 ,1061 ,2969 ,25730 ,23295 ,53792 
31/08/2012,,,745 ,1071 ,3005 ,26059 ,23455 ,54335 
30/09/2012,,,753 ,1079 ,3049 ,26538 ,23645 ,55064 
31/10/2012,,,752 ,1081 ,3057 ,26555 ,23904 ,55350 
30/11/2012,,,768 ,1095 ,3172 ,27232 ,24274 ,56541 
31/12/2012,,,801 ,1133 ,3464 ,29000 ,24583 ,58982 
31/01/2013,,,789 ,1115 ,3219 ,27029 ,24433 ,56585 
28/02/2013,,,779 ,1101 ,3131 ,26618 ,24532 ,56161 
31/03/2013,,,779 ,1107 ,3214 ,27574 ,24601 ,57275 
30/04/2013,,,769 ,1097 ,3133 ,27001 ,24541 ,56540 
31/05/2013,,,768 ,1094 ,3097 ,26859 ,24810 ,56629 
30/06/2013,,,768 ,1090 ,3089 ,26987 ,25009 ,56943 
31/07/2013,,,766 ,1084 ,3068 ,27384 ,25389 ,57691 
31/08/2013,,,769 ,1094 ,3108 ,27713 ,25598 ,58282 
30/09/2013,,,778 ,1106 ,3132 ,27822 ,25788 ,58625 
31/10/2013,,,789 ,1120 ,3151 ,28110 ,25927 ,59097 
30/11/2013,,,790 ,1122 ,3167 ,28157 ,26057 ,59292 
31/12/2013,,,828 ,1164 ,3515 ,30675 ,26836 ,63018 
31/01/2014,,,820 ,1152 ,3206 ,28694 ,26766 ,60639 
28/02/2014,,,812 ,1140 ,3118 ,28302 ,26796 ,60168 
31/03/2014,,,804 ,1132 ,3113 ,28409 ,26805 ,60263 
30/04/2014,,,815 ,1141 ,3249 ,29327 ,26954 ,61487 
31/05/2014,,,806 ,1127 ,3133 ,28666 ,26934 ,60667 
30/06/2014,,,803 ,1115 ,3101 ,28735 ,27024 ,60778 
31/07/2014,,,805 ,1117 ,3096 ,28922 ,27396 ,61336 
31/08/2014,,,806 ,1123 ,3096 ,29190 ,27445 ,61661 
30/09/2014,,,814 ,1135 ,3120 ,29418 ,27665 ,62152 
31/10/2014,,,819 ,1143 ,3151 ,29787 ,28055 ,62956 
30/11/2014,,,827 ,1157 ,3163 ,29884 ,28304 ,63335 
31/12/2014,,,854 ,1203 ,3431 ,32163 ,29204 ,66854 
31/01/2015,,,846 ,1187 ,3175 ,30322 ,29123 ,64653 
28/02/2015,,,836 ,1173 ,3114 ,29960 ,29463 ,64546 
31/03/2015,,,844 ,1183 ,3310 ,31058 ,29702 ,66097 
30/04/2015,,,839 ,1173 ,3190 ,30287 ,29682 ,65170 
31/05/2015,,,830 ,1163 ,3142 ,30216 ,29711 ,65061 
30/06/2015,,,823 ,1161 ,3133 ,30414 ,29951 ,65481 
31/07/2015,,,831 ,1168 ,3129 ,30951 ,30680 ,66759 
31/08/2015,,,832 ,1178 ,3141 ,31120 ,30860 ,67130 
30/09/2015,,,836 ,1182 ,3180 ,31558 ,31299 ,68056 
31/10/2015,,,836 ,1186 ,3192 ,31737 ,31459 ,68410 
30/11/2015,,,844 ,1190 ,3212 ,31984 ,31788 ,69018 
31/12/2015,,,879 ,1236 ,3439 ,33922 ,32447 ,71924 
31/01/2016,,,873 ,1219 ,3240 ,32151 ,32503 ,69986 
29/02/2016,,,858 ,1210 ,3174 ,31862 ,32488 ,69591 
31/03/2016,,,871 ,1221 ,3313 ,32492 ,32510 ,70407 
30/04/2016,,,863 ,1207 ,3253 ,32219 ,32406 ,69947 
31/05/2016,,,854 ,1197 ,3211 ,32117 ,32528 ,69907 
30/06/2016,,,851 ,1196 ,3196 ,32145 ,32820 ,70209 
31/07/2016,,,859 ,1208 ,3191 ,32313 ,33050 ,70620 
31/08/2016,,,859 ,1209 ,3184 ,32510 ,33108 ,70870 
30/09/2016,,,1011 ,1272 ,3250 ,33090 ,33306 ,71929 
31/10/2016,,,1005 ,1265 ,3248 ,33171 ,33395 ,72084 
30/11/2016,,,1027 ,1284 ,3300 ,33475 ,33874 ,72959 
31/12/2016,,,1058 ,1289 ,3506 ,35341 ,34646 ,75840 
31/01/2017,,,1077 ,1288 ,3342 ,34011 ,34309 ,74027 
28/02/2017,,,1050 ,1268 ,3271 ,33640 ,33907 ,73136 
31/03/2017,,,1058 ,1284 ,3298 ,33889 ,33562 ,73091 
30/04/2017,,,1078 ,1297 ,3386 ,34641 ,33668 ,74071 
31/05/2017,,,1076 ,1287 ,3301 ,34247 ,33476 ,73387 
30/06/2017,,,1055 ,1284 ,3286 ,34309 ,33689 ,73623 
31/07/2017,,,1053 ,1317 ,3306 ,34552 ,33787 ,74015 
31/08/2017,,,1077 ,1324 ,3306 ,34724 ,33773 ,74204 
30/09/2017,,,1068 ,1410 ,3352 ,35165 ,33801 ,74797 
31/10/2017,,,1046 ,1403 ,3362 ,35404 ,33564 ,74779 
30/11/2017,,,1058 ,1416 ,3422 ,35931 ,34189 ,76015 
31/12/2017,,,1080 ,1429 ,3581 ,37432 ,34672 ,78193 
31/01/2018,,,1094 ,1418 ,3365 ,35674 ,34313 ,75863 
28/02/2018,,,1105 ,1406 ,3336 ,35484 ,34091 ,75422 
31/03/2018,,,1095 ,1406 ,3420 ,36115 ,34387 ,76423 
30/04/2018,,,1079 ,1382 ,3366 ,35759 ,34308 ,75896 
31/05/2018,,,1063 ,1343 ,3300 ,35475 ,34244 ,75426 
30/06/2018,,,1051 ,1330 ,3263 ,35516 ,34406 ,75565 
31/07/2018,,,1039 ,1333 ,3305 ,35532 ,34777 ,75987 
31/08/2018,,,1028 ,1349 ,3352 ,35921 ,34790 ,76439 
30/09/2018,,,1006 ,1356 ,3382 ,36911 ,34931 ,77587 
31/10/2018,,,998 ,1360 ,3436 ,38600 ,35084 ,79478 
30/11/2018,,,1010 ,1373 ,3468 ,39121 ,35616 ,80589 
31/12/2018,,,1037 ,1393 ,3628 ,38930 ,36151 ,81140 
31/01/2019,,,1032 ,1385 ,3481 ,38572 ,36087 ,80557 
28/02/2019,,,1028 ,1375 ,3437 ,38135 ,36026 ,80000 
31/03/2019,,,1019 ,1365 ,3393 ,38011 ,35907 ,79695 
30/04/2019,,,1020 ,1373 ,3480 ,38184 ,36142 ,80199 
31/05/2019,,,1017 ,1362 ,3370 ,37907 ,35968 ,79624 
30/06/2019,,,1003 ,1340 ,3337 ,38201 ,36144 ,80024 
31/07/2019,,,996 ,1342 ,3351 ,38386 ,36411 ,80486 
31/08/2019,,,999 ,1348 ,3351 ,38355 ,36606 ,80659 
30/09/2019,,,997 ,1356 ,3587 ,38277 ,36801 ,81018 
31/10/2019,,,1007 ,1368 ,3684 ,39021 ,36946 ,82025 
30/11/2019,,,1029 ,1398 ,3669 ,38898 ,37397 ,82391 
31/12/2019,,,1063 ,1446 ,3769 ,39473 ,38206 ,83956 
31/01/2020,,,1060 ,1440 ,3715 ,39211 ,37894 ,83321 
29/02/2020,,,1055 ,1423 ,3664 ,39245 ,37742 ,83130 
31/03/2020,,,1052 ,1417 ,3689 ,40143 ,39030 ,85330 
30/04/2020,,,1044 ,1407 ,3635 ,40442 ,39175 ,85703 
31/05/2020,,,1039 ,1400 ,3594 ,42171 ,39881 ,88084 
30/06/2020,,,1033 ,1386 ,3631 ,43626 ,40426 ,90102 
31/07/2020,,,1029 ,1381 ,3736 ,46388 ,41502 ,94037 
31/08/2020,,,1027 ,1371 ,3728 ,46927 ,41761 ,94814 
30/09/2020,,,1023 ,1367 ,3705 ,47114 ,42114 ,95323 
31/10/2020,,,1026 ,1372 ,3698 ,47589 ,42784 ,96468 
30/11/2020,,,1030 ,1376 ,3676 ,47783 ,43054 ,96918 
31/12/2020,,,1044 ,1414 ,3827 ,48877 ,43400 ,98562 
31/01/2021,,,1040 ,1405 ,3800 ,48569 ,43316 ,98130 
28/02/2021,,,1037 ,1401 ,3761 ,47939 ,43183 ,97321 
31/03/2021,,,1032 ,1392 ,3719 ,47382 ,43249 ,96774 
30/04/2021,,,1031 ,1387 ,3688 ,46871 ,43267 ,96244 
31/05/2021,,,1027 ,1385 ,3623 ,46455 ,43231 ,95721 
30/06/2021,,,1023 ,1378 ,3581 ,46181 ,43322 ,95485 
31/07/2021,,,1027 ,1372 ,3567 ,46444 ,43539 ,95949 
31/08/2021,,,1028 ,1367 ,3629 ,47496 ,43851 ,97371 
30/09/2021,,,1036 ,1368 ,3708 ,48566 ,44347 ,99025 
31/10/2021,,,1043 ,1373 ,3787 ,49591 ,44929 ,100725 
30/11/2021,,,1050 ,1380 ,3793 ,49873 ,45364 ,101460 
31/12/2021,,,1052 ,1401 ,3828 ,50480 ,45993 ,102753 
31/01/2022,,,1047 ,1396 ,3795 ,50240 ,45958 ,102436 
28/02/2022,,,1045 ,1392 ,3774 ,49681 ,45937 ,101829 
31/03/2022,,,1045 ,1393 ,3810 ,49618 ,46168 ,102033 
30/04/2022,,,1047 ,1402 ,3835 ,49814 ,46400 ,102499 
31/05/2022,,,1045 ,1398 ,3817 ,49698 ,46438 ,102396 
30/06/2022,,,1040 ,1392 ,3791 ,49593 ,46529 ,102345 
31/07/2022,,,1039 ,1386 ,3776 ,49320 ,46700 ,102220 
31/08/2022,,,1034 ,1380 ,3750 ,49362 ,46888 ,102414 
30/09/2022,,,1031 ,1382 ,3757 ,49502 ,47082 ,102754 
31/10/2022,,,1030 ,1382 ,3740 ,49412 ,47151 ,102715 
30/11/2022,,,1027 ,1390 ,3742 ,49301 ,47532 ,102991 
31/12/2022,,,1044 ,1408 ,3843 ,49879 ,47821 ,103995 
31/01/2023,,,1039 ,1403 ,3818 ,49566 ,47786 ,103612 
28/02/2023,,,1035 ,1397 ,3798 ,48937 ,47750 ,102918 
31/03/2023,,,1033 ,1400 ,3769 ,48411 ,47554 ,102166 
30/04/2023,,,1031 ,1403 ,3754 ,48322 ,47705 ,102216 
31/05/2023,,,1026 ,1397 ,3726 ,47878 ,47635 ,101662 
30/06/2023,,,1022 ,1389 ,3699 ,47515 ,47659 ,101285 
31/07/2023,,,1020 ,1388 ,3682 ,46930 ,47664 ,100684 
31/08/2023,,,1014 ,1384 ,3654 ,46831 ,47641 ,100524 
30/09/2023,,,1009 ,1386 ,3642 ,46793 ,47792 ,100622 
31/10/2023,,,1009 ,1389 ,3630 ,46752 ,47970 ,100750 
